filename,species,source,origin_label,license,original_ref
local_1-100032-A.wav,Dog,balanced7_existing,Dog,mixed-existing,D:\CSDLDPT\data\balanced_raw\Dog\local_1-100032-A.wav
local_1-110389-A.wav,Dog,balanced7_existing,Dog,mixed-existing,D:\CSDLDPT\data\balanced_raw\Dog\local_1-110389-A.wav
local_1-30226-A.wav,Dog,balanced7_existing,Dog,mixed-existing,D:\CSDLDPT\data\balanced_raw\Dog\local_1-30226-A.wav
local_1-30344-A.wav,Dog,balanced7_existing,Dog,mixed-existing,D:\CSDLDPT\data\balanced_raw\Dog\local_1-30344-A.wav
local_1-32318-A.wav,Dog,balanced7_existing,Dog,mixed-existing,D:\CSDLDPT\data\balanced_raw\Dog\local_1-32318-A.wav
local_1-59513-A.wav,Dog,balanced7_existing,Dog,mixed-existing,D:\CSDLDPT\data\balanced_raw\Dog\local_1-59513-A.wav
local_1-85362-A.wav,Dog,balanced7_existing,Dog,mixed-existing,D:\CSDLDPT\data\balanced_raw\Dog\local_1-85362-A.wav
local_1-97392-A.wav,Dog,balanced7_existing,Dog,mixed-existing,D:\CSDLDPT\data\balanced_raw\Dog\local_1-97392-A.wav
local_2-114280-A.wav,Dog,balanced7_existing,Dog,mixed-existing,D:\CSDLDPT\data\balanced_raw\Dog\local_2-114280-A.wav
local_2-114587-A.wav,Dog,balanced7_existing,Dog,mixed-existing,D:\CSDLDPT\data\balanced_raw\Dog\local_2-114587-A.wav
local_2-116400-A.wav,Dog,balanced7_existing,Dog,mixed-existing,D:\CSDLDPT\data\balanced_raw\Dog\local_2-116400-A.wav
local_2-117271-A.wav,Dog,balanced7_existing,Dog,mixed-existing,D:\CSDLDPT\data\balanced_raw\Dog\local_2-117271-A.wav
local_2-118072-A.wav,Dog,balanced7_existing,Dog,mixed-existing,D:\CSDLDPT\data\balanced_raw\Dog\local_2-118072-A.wav
local_2-118964-A.wav,Dog,balanced7_existing,Dog,mixed-existing,D:\CSDLDPT\data\balanced_raw\Dog\local_2-118964-A.wav
local_2-122104-A.wav,Dog,balanced7_existing,Dog,mixed-existing,D:\CSDLDPT\data\balanced_raw\Dog\local_2-122104-A.wav
local_2-122104-B.wav,Dog,balanced7_existing,Dog,mixed-existing,D:\CSDLDPT\data\balanced_raw\Dog\local_2-122104-B.wav
local_3-136288-A.wav,Dog,balanced7_existing,Dog,mixed-existing,D:\CSDLDPT\data\balanced_raw\Dog\local_3-136288-A.wav
local_3-144028-A.wav,Dog,balanced7_existing,Dog,mixed-existing,D:\CSDLDPT\data\balanced_raw\Dog\local_3-144028-A.wav
local_3-155312-A.wav,Dog,balanced7_existing,Dog,mixed-existing,D:\CSDLDPT\data\balanced_raw\Dog\local_3-155312-A.wav
local_3-157695-A.wav,Dog,balanced7_existing,Dog,mixed-existing,D:\CSDLDPT\data\balanced_raw\Dog\local_3-157695-A.wav
local_3-163459-A.wav,Dog,balanced7_existing,Dog,mixed-existing,D:\CSDLDPT\data\balanced_raw\Dog\local_3-163459-A.wav
local_3-170015-A.wav,Dog,balanced7_existing,Dog,mixed-existing,D:\CSDLDPT\data\balanced_raw\Dog\local_3-170015-A.wav
local_3-180256-A.wav,Dog,balanced7_existing,Dog,mixed-existing,D:\CSDLDPT\data\balanced_raw\Dog\local_3-180256-A.wav
local_3-180977-A.wav,Dog,balanced7_existing,Dog,mixed-existing,D:\CSDLDPT\data\balanced_raw\Dog\local_3-180977-A.wav
local_4-182395-A.wav,Dog,balanced7_existing,Dog,mixed-existing,D:\CSDLDPT\data\balanced_raw\Dog\local_4-182395-A.wav
local_4-183992-A.wav,Dog,balanced7_existing,Dog,mixed-existing,D:\CSDLDPT\data\balanced_raw\Dog\local_4-183992-A.wav
local_4-184575-A.wav,Dog,balanced7_existing,Dog,mixed-existing,D:\CSDLDPT\data\balanced_raw\Dog\local_4-184575-A.wav
local_4-191687-A.wav,Dog,balanced7_existing,Dog,mixed-existing,D:\CSDLDPT\data\balanced_raw\Dog\local_4-191687-A.wav
local_4-192236-A.wav,Dog,balanced7_existing,Dog,mixed-existing,D:\CSDLDPT\data\balanced_raw\Dog\local_4-192236-A.wav
local_4-194754-A.wav,Dog,balanced7_existing,Dog,mixed-existing,D:\CSDLDPT\data\balanced_raw\Dog\local_4-194754-A.wav
local_4-199261-A.wav,Dog,balanced7_existing,Dog,mixed-existing,D:\CSDLDPT\data\balanced_raw\Dog\local_4-199261-A.wav
local_4-207124-A.wav,Dog,balanced7_existing,Dog,mixed-existing,D:\CSDLDPT\data\balanced_raw\Dog\local_4-207124-A.wav
local_5-203128-A.wav,Dog,balanced7_existing,Dog,mixed-existing,D:\CSDLDPT\data\balanced_raw\Dog\local_5-203128-A.wav
local_5-203128-B.wav,Dog,balanced7_existing,Dog,mixed-existing,D:\CSDLDPT\data\balanced_raw\Dog\local_5-203128-B.wav
local_5-208030-A.wav,Dog,balanced7_existing,Dog,mixed-existing,D:\CSDLDPT\data\balanced_raw\Dog\local_5-208030-A.wav
local_5-212454-A.wav,Dog,balanced7_existing,Dog,mixed-existing,D:\CSDLDPT\data\balanced_raw\Dog\local_5-212454-A.wav
local_5-213855-A.wav,Dog,balanced7_existing,Dog,mixed-existing,D:\CSDLDPT\data\balanced_raw\Dog\local_5-213855-A.wav
local_5-217158-A.wav,Dog,balanced7_existing,Dog,mixed-existing,D:\CSDLDPT\data\balanced_raw\Dog\local_5-217158-A.wav
local_5-231762-A.wav,Dog,balanced7_existing,Dog,mixed-existing,D:\CSDLDPT\data\balanced_raw\Dog\local_5-231762-A.wav
local_5-9032-A.wav,Dog,balanced7_existing,Dog,mixed-existing,D:\CSDLDPT\data\balanced_raw\Dog\local_5-9032-A.wav
local_dog_0.wav,Dog,balanced7_existing,Dog,mixed-existing,D:\CSDLDPT\data\balanced_raw\Dog\local_dog_0.wav
local_dog_1 (2).wav,Dog,balanced7_existing,Dog,mixed-existing,D:\CSDLDPT\data\balanced_raw\Dog\local_dog_1 (2).wav
local_Dog_1.wav,Dog,balanced7_existing,Dog,mixed-existing,D:\CSDLDPT\data\balanced_raw\Dog\local_Dog_1.wav
local_dog_10 (2).wav,Dog,balanced7_existing,Dog,mixed-existing,D:\CSDLDPT\data\balanced_raw\Dog\local_dog_10 (2).wav
local_dog_11 (2).wav,Dog,balanced7_existing,Dog,mixed-existing,D:\CSDLDPT\data\balanced_raw\Dog\local_dog_11 (2).wav
local_dog_12 (2).wav,Dog,balanced7_existing,Dog,mixed-existing,D:\CSDLDPT\data\balanced_raw\Dog\local_dog_12 (2).wav
local_dog_12 (3).wav,Dog,balanced7_existing,Dog,mixed-existing,D:\CSDLDPT\data\balanced_raw\Dog\local_dog_12 (3).wav
local_dog_13 (2).wav,Dog,balanced7_existing,Dog,mixed-existing,D:\CSDLDPT\data\balanced_raw\Dog\local_dog_13 (2).wav
local_dog_13 (3).wav,Dog,balanced7_existing,Dog,mixed-existing,D:\CSDLDPT\data\balanced_raw\Dog\local_dog_13 (3).wav
local_dog_14 (2).wav,Dog,balanced7_existing,Dog,mixed-existing,D:\CSDLDPT\data\balanced_raw\Dog\local_dog_14 (2).wav
local_dog_14 (3).wav,Dog,balanced7_existing,Dog,mixed-existing,D:\CSDLDPT\data\balanced_raw\Dog\local_dog_14 (3).wav
local_dog_15 (2).wav,Dog,balanced7_existing,Dog,mixed-existing,D:\CSDLDPT\data\balanced_raw\Dog\local_dog_15 (2).wav
local_dog_15 (3).wav,Dog,balanced7_existing,Dog,mixed-existing,D:\CSDLDPT\data\balanced_raw\Dog\local_dog_15 (3).wav
local_Dog_15.wav,Dog,balanced7_existing,Dog,mixed-existing,D:\CSDLDPT\data\balanced_raw\Dog\local_Dog_15.wav
local_dog_16 (2).wav,Dog,balanced7_existing,Dog,mixed-existing,D:\CSDLDPT\data\balanced_raw\Dog\local_dog_16 (2).wav
local_dog_16 (3).wav,Dog,balanced7_existing,Dog,mixed-existing,D:\CSDLDPT\data\balanced_raw\Dog\local_dog_16 (3).wav
local_Dog_16.wav,Dog,balanced7_existing,Dog,mixed-existing,D:\CSDLDPT\data\balanced_raw\Dog\local_Dog_16.wav
local_dog_17 (2).wav,Dog,balanced7_existing,Dog,mixed-existing,D:\CSDLDPT\data\balanced_raw\Dog\local_dog_17 (2).wav
local_dog_17 (3).wav,Dog,balanced7_existing,Dog,mixed-existing,D:\CSDLDPT\data\balanced_raw\Dog\local_dog_17 (3).wav
local_dog_18 (2).wav,Dog,balanced7_existing,Dog,mixed-existing,D:\CSDLDPT\data\balanced_raw\Dog\local_dog_18 (2).wav
local_dog_19 (2).wav,Dog,balanced7_existing,Dog,mixed-existing,D:\CSDLDPT\data\balanced_raw\Dog\local_dog_19 (2).wav
local_dog_19 (3).wav,Dog,balanced7_existing,Dog,mixed-existing,D:\CSDLDPT\data\balanced_raw\Dog\local_dog_19 (3).wav
local_dog_2 (2).wav,Dog,balanced7_existing,Dog,mixed-existing,D:\CSDLDPT\data\balanced_raw\Dog\local_dog_2 (2).wav
local_dog_20 (2).wav,Dog,balanced7_existing,Dog,mixed-existing,D:\CSDLDPT\data\balanced_raw\Dog\local_dog_20 (2).wav
local_Dog_20.wav,Dog,balanced7_existing,Dog,mixed-existing,D:\CSDLDPT\data\balanced_raw\Dog\local_Dog_20.wav
local_dog_21 (2).wav,Dog,balanced7_existing,Dog,mixed-existing,D:\CSDLDPT\data\balanced_raw\Dog\local_dog_21 (2).wav
local_dog_22 (2).wav,Dog,balanced7_existing,Dog,mixed-existing,D:\CSDLDPT\data\balanced_raw\Dog\local_dog_22 (2).wav
local_dog_22 (3).wav,Dog,balanced7_existing,Dog,mixed-existing,D:\CSDLDPT\data\balanced_raw\Dog\local_dog_22 (3).wav
local_dog_23 (2).wav,Dog,balanced7_existing,Dog,mixed-existing,D:\CSDLDPT\data\balanced_raw\Dog\local_dog_23 (2).wav
local_Dog_23.wav,Dog,balanced7_existing,Dog,mixed-existing,D:\CSDLDPT\data\balanced_raw\Dog\local_Dog_23.wav
local_dog_24 (2).wav,Dog,balanced7_existing,Dog,mixed-existing,D:\CSDLDPT\data\balanced_raw\Dog\local_dog_24 (2).wav
local_dog_24 (3).wav,Dog,balanced7_existing,Dog,mixed-existing,D:\CSDLDPT\data\balanced_raw\Dog\local_dog_24 (3).wav
local_dog_25 (2).wav,Dog,balanced7_existing,Dog,mixed-existing,D:\CSDLDPT\data\balanced_raw\Dog\local_dog_25 (2).wav
local_dog_26 (2).wav,Dog,balanced7_existing,Dog,mixed-existing,D:\CSDLDPT\data\balanced_raw\Dog\local_dog_26 (2).wav
local_dog_27 (2).wav,Dog,balanced7_existing,Dog,mixed-existing,D:\CSDLDPT\data\balanced_raw\Dog\local_dog_27 (2).wav
local_Dog_27.wav,Dog,balanced7_existing,Dog,mixed-existing,D:\CSDLDPT\data\balanced_raw\Dog\local_Dog_27.wav
local_dog_28 (2).wav,Dog,balanced7_existing,Dog,mixed-existing,D:\CSDLDPT\data\balanced_raw\Dog\local_dog_28 (2).wav
local_Dog_28.wav,Dog,balanced7_existing,Dog,mixed-existing,D:\CSDLDPT\data\balanced_raw\Dog\local_Dog_28.wav
local_dog_29 (2).wav,Dog,balanced7_existing,Dog,mixed-existing,D:\CSDLDPT\data\balanced_raw\Dog\local_dog_29 (2).wav
local_dog_29 (3).wav,Dog,balanced7_existing,Dog,mixed-existing,D:\CSDLDPT\data\balanced_raw\Dog\local_dog_29 (3).wav
local_dog_3 (2).wav,Dog,balanced7_existing,Dog,mixed-existing,D:\CSDLDPT\data\balanced_raw\Dog\local_dog_3 (2).wav
local_dog_3 (3).wav,Dog,balanced7_existing,Dog,mixed-existing,D:\CSDLDPT\data\balanced_raw\Dog\local_dog_3 (3).wav
local_dog_30 (2).wav,Dog,balanced7_existing,Dog,mixed-existing,D:\CSDLDPT\data\balanced_raw\Dog\local_dog_30 (2).wav
local_dog_30 (3).wav,Dog,balanced7_existing,Dog,mixed-existing,D:\CSDLDPT\data\balanced_raw\Dog\local_dog_30 (3).wav
local_Dog_30.wav,Dog,balanced7_existing,Dog,mixed-existing,D:\CSDLDPT\data\balanced_raw\Dog\local_Dog_30.wav
local_dog_31 (2).wav,Dog,balanced7_existing,Dog,mixed-existing,D:\CSDLDPT\data\balanced_raw\Dog\local_dog_31 (2).wav
local_dog_31 (3).wav,Dog,balanced7_existing,Dog,mixed-existing,D:\CSDLDPT\data\balanced_raw\Dog\local_dog_31 (3).wav
local_dog_32 (2).wav,Dog,balanced7_existing,Dog,mixed-existing,D:\CSDLDPT\data\balanced_raw\Dog\local_dog_32 (2).wav
local_dog_32 (3).wav,Dog,balanced7_existing,Dog,mixed-existing,D:\CSDLDPT\data\balanced_raw\Dog\local_dog_32 (3).wav
local_Dog_32.wav,Dog,balanced7_existing,Dog,mixed-existing,D:\CSDLDPT\data\balanced_raw\Dog\local_Dog_32.wav
local_dog_33 (2).wav,Dog,balanced7_existing,Dog,mixed-existing,D:\CSDLDPT\data\balanced_raw\Dog\local_dog_33 (2).wav
local_dog_33 (3).wav,Dog,balanced7_existing,Dog,mixed-existing,D:\CSDLDPT\data\balanced_raw\Dog\local_dog_33 (3).wav
local_Dog_33.wav,Dog,balanced7_existing,Dog,mixed-existing,D:\CSDLDPT\data\balanced_raw\Dog\local_Dog_33.wav
local_dog_34 (2).wav,Dog,balanced7_existing,Dog,mixed-existing,D:\CSDLDPT\data\balanced_raw\Dog\local_dog_34 (2).wav
local_dog_35 (2).wav,Dog,balanced7_existing,Dog,mixed-existing,D:\CSDLDPT\data\balanced_raw\Dog\local_dog_35 (2).wav
local_Dog_35.wav,Dog,balanced7_existing,Dog,mixed-existing,D:\CSDLDPT\data\balanced_raw\Dog\local_Dog_35.wav
local_dog_36 (2).wav,Dog,balanced7_existing,Dog,mixed-existing,D:\CSDLDPT\data\balanced_raw\Dog\local_dog_36 (2).wav
local_dog_36 (3).wav,Dog,balanced7_existing,Dog,mixed-existing,D:\CSDLDPT\data\balanced_raw\Dog\local_dog_36 (3).wav
local_dog_37 (2).wav,Dog,balanced7_existing,Dog,mixed-existing,D:\CSDLDPT\data\balanced_raw\Dog\local_dog_37 (2).wav
local_dog_38 (2).wav,Dog,balanced7_existing,Dog,mixed-existing,D:\CSDLDPT\data\balanced_raw\Dog\local_dog_38 (2).wav
local_dog_39 (2).wav,Dog,balanced7_existing,Dog,mixed-existing,D:\CSDLDPT\data\balanced_raw\Dog\local_dog_39 (2).wav
local_Dog_39.wav,Dog,balanced7_existing,Dog,mixed-existing,D:\CSDLDPT\data\balanced_raw\Dog\local_Dog_39.wav
local_dog_4 (2).wav,Dog,balanced7_existing,Dog,mixed-existing,D:\CSDLDPT\data\balanced_raw\Dog\local_dog_4 (2).wav
local_dog_41 (2).wav,Dog,balanced7_existing,Dog,mixed-existing,D:\CSDLDPT\data\balanced_raw\Dog\local_dog_41 (2).wav
local_dog_41 (3).wav,Dog,balanced7_existing,Dog,mixed-existing,D:\CSDLDPT\data\balanced_raw\Dog\local_dog_41 (3).wav
local_dog_42 (2).wav,Dog,balanced7_existing,Dog,mixed-existing,D:\CSDLDPT\data\balanced_raw\Dog\local_dog_42 (2).wav
local_dog_42 (3).wav,Dog,balanced7_existing,Dog,mixed-existing,D:\CSDLDPT\data\balanced_raw\Dog\local_dog_42 (3).wav
local_dog_43 (2).wav,Dog,balanced7_existing,Dog,mixed-existing,D:\CSDLDPT\data\balanced_raw\Dog\local_dog_43 (2).wav
local_dog_43 (3).wav,Dog,balanced7_existing,Dog,mixed-existing,D:\CSDLDPT\data\balanced_raw\Dog\local_dog_43 (3).wav
local_dog_44 (2).wav,Dog,balanced7_existing,Dog,mixed-existing,D:\CSDLDPT\data\balanced_raw\Dog\local_dog_44 (2).wav
local_dog_45 (2).wav,Dog,balanced7_existing,Dog,mixed-existing,D:\CSDLDPT\data\balanced_raw\Dog\local_dog_45 (2).wav
local_Dog_45.wav,Dog,balanced7_existing,Dog,mixed-existing,D:\CSDLDPT\data\balanced_raw\Dog\local_Dog_45.wav
local_Dog_46.wav,Dog,balanced7_existing,Dog,mixed-existing,D:\CSDLDPT\data\balanced_raw\Dog\local_Dog_46.wav
local_dog_5 (2).wav,Dog,balanced7_existing,Dog,mixed-existing,D:\CSDLDPT\data\balanced_raw\Dog\local_dog_5 (2).wav
local_Dog_5.wav,Dog,balanced7_existing,Dog,mixed-existing,D:\CSDLDPT\data\balanced_raw\Dog\local_Dog_5.wav
local_dog_6 (2).wav,Dog,balanced7_existing,Dog,mixed-existing,D:\CSDLDPT\data\balanced_raw\Dog\local_dog_6 (2).wav
local_dog_6 (3).wav,Dog,balanced7_existing,Dog,mixed-existing,D:\CSDLDPT\data\balanced_raw\Dog\local_dog_6 (3).wav
local_dog_7 (2).wav,Dog,balanced7_existing,Dog,mixed-existing,D:\CSDLDPT\data\balanced_raw\Dog\local_dog_7 (2).wav
local_dog_7 (3).wav,Dog,balanced7_existing,Dog,mixed-existing,D:\CSDLDPT\data\balanced_raw\Dog\local_dog_7 (3).wav
local_dog_8 (2).wav,Dog,balanced7_existing,Dog,mixed-existing,D:\CSDLDPT\data\balanced_raw\Dog\local_dog_8 (2).wav
local_dog_9 (2).wav,Dog,balanced7_existing,Dog,mixed-existing,D:\CSDLDPT\data\balanced_raw\Dog\local_dog_9 (2).wav
local_esc50_dog_1-100032-A-0.wav,Dog,balanced7_existing,Dog,mixed-existing,D:\CSDLDPT\data\balanced_raw\Dog\local_esc50_dog_1-100032-A-0.wav
local_esc50_dog_1-110389-A-0.wav,Dog,balanced7_existing,Dog,mixed-existing,D:\CSDLDPT\data\balanced_raw\Dog\local_esc50_dog_1-110389-A-0.wav
local_esc50_dog_1-30226-A-0.wav,Dog,balanced7_existing,Dog,mixed-existing,D:\CSDLDPT\data\balanced_raw\Dog\local_esc50_dog_1-30226-A-0.wav
local_esc50_dog_1-30344-A-0.wav,Dog,balanced7_existing,Dog,mixed-existing,D:\CSDLDPT\data\balanced_raw\Dog\local_esc50_dog_1-30344-A-0.wav
local_esc50_dog_1-32318-A-0.wav,Dog,balanced7_existing,Dog,mixed-existing,D:\CSDLDPT\data\balanced_raw\Dog\local_esc50_dog_1-32318-A-0.wav
local_esc50_dog_1-59513-A-0.wav,Dog,balanced7_existing,Dog,mixed-existing,D:\CSDLDPT\data\balanced_raw\Dog\local_esc50_dog_1-59513-A-0.wav
local_esc50_dog_1-85362-A-0.wav,Dog,balanced7_existing,Dog,mixed-existing,D:\CSDLDPT\data\balanced_raw\Dog\local_esc50_dog_1-85362-A-0.wav
local_esc50_dog_1-97392-A-0.wav,Dog,balanced7_existing,Dog,mixed-existing,D:\CSDLDPT\data\balanced_raw\Dog\local_esc50_dog_1-97392-A-0.wav
local_esc50_dog_2-114280-A-0.wav,Dog,balanced7_existing,Dog,mixed-existing,D:\CSDLDPT\data\balanced_raw\Dog\local_esc50_dog_2-114280-A-0.wav
local_esc50_dog_2-114587-A-0.wav,Dog,balanced7_existing,Dog,mixed-existing,D:\CSDLDPT\data\balanced_raw\Dog\local_esc50_dog_2-114587-A-0.wav
local_esc50_dog_2-116400-A-0.wav,Dog,balanced7_existing,Dog,mixed-existing,D:\CSDLDPT\data\balanced_raw\Dog\local_esc50_dog_2-116400-A-0.wav
local_esc50_dog_2-117271-A-0.wav,Dog,balanced7_existing,Dog,mixed-existing,D:\CSDLDPT\data\balanced_raw\Dog\local_esc50_dog_2-117271-A-0.wav
local_esc50_dog_2-118072-A-0.wav,Dog,balanced7_existing,Dog,mixed-existing,D:\CSDLDPT\data\balanced_raw\Dog\local_esc50_dog_2-118072-A-0.wav
local_esc50_dog_2-118964-A-0.wav,Dog,balanced7_existing,Dog,mixed-existing,D:\CSDLDPT\data\balanced_raw\Dog\local_esc50_dog_2-118964-A-0.wav
local_esc50_dog_2-122104-A-0.wav,Dog,balanced7_existing,Dog,mixed-existing,D:\CSDLDPT\data\balanced_raw\Dog\local_esc50_dog_2-122104-A-0.wav
local_esc50_dog_2-122104-B-0.wav,Dog,balanced7_existing,Dog,mixed-existing,D:\CSDLDPT\data\balanced_raw\Dog\local_esc50_dog_2-122104-B-0.wav
local_esc50_dog_3-136288-A-0.wav,Dog,balanced7_existing,Dog,mixed-existing,D:\CSDLDPT\data\balanced_raw\Dog\local_esc50_dog_3-136288-A-0.wav
local_esc50_dog_3-144028-A-0.wav,Dog,balanced7_existing,Dog,mixed-existing,D:\CSDLDPT\data\balanced_raw\Dog\local_esc50_dog_3-144028-A-0.wav
local_esc50_dog_3-155312-A-0.wav,Dog,balanced7_existing,Dog,mixed-existing,D:\CSDLDPT\data\balanced_raw\Dog\local_esc50_dog_3-155312-A-0.wav
local_esc50_dog_3-157695-A-0.wav,Dog,balanced7_existing,Dog,mixed-existing,D:\CSDLDPT\data\balanced_raw\Dog\local_esc50_dog_3-157695-A-0.wav
local_esc50_dog_3-163459-A-0.wav,Dog,balanced7_existing,Dog,mixed-existing,D:\CSDLDPT\data\balanced_raw\Dog\local_esc50_dog_3-163459-A-0.wav
local_esc50_dog_3-170015-A-0.wav,Dog,balanced7_existing,Dog,mixed-existing,D:\CSDLDPT\data\balanced_raw\Dog\local_esc50_dog_3-170015-A-0.wav
local_esc50_dog_3-180256-A-0.wav,Dog,balanced7_existing,Dog,mixed-existing,D:\CSDLDPT\data\balanced_raw\Dog\local_esc50_dog_3-180256-A-0.wav
local_esc50_dog_3-180977-A-0.wav,Dog,balanced7_existing,Dog,mixed-existing,D:\CSDLDPT\data\balanced_raw\Dog\local_esc50_dog_3-180977-A-0.wav
local_esc50_dog_4-182395-A-0.wav,Dog,balanced7_existing,Dog,mixed-existing,D:\CSDLDPT\data\balanced_raw\Dog\local_esc50_dog_4-182395-A-0.wav
local_esc50_dog_4-183992-A-0.wav,Dog,balanced7_existing,Dog,mixed-existing,D:\CSDLDPT\data\balanced_raw\Dog\local_esc50_dog_4-183992-A-0.wav
local_esc50_dog_4-184575-A-0.wav,Dog,balanced7_existing,Dog,mixed-existing,D:\CSDLDPT\data\balanced_raw\Dog\local_esc50_dog_4-184575-A-0.wav
local_esc50_dog_4-191687-A-0.wav,Dog,balanced7_existing,Dog,mixed-existing,D:\CSDLDPT\data\balanced_raw\Dog\local_esc50_dog_4-191687-A-0.wav
local_esc50_dog_4-192236-A-0.wav,Dog,balanced7_existing,Dog,mixed-existing,D:\CSDLDPT\data\balanced_raw\Dog\local_esc50_dog_4-192236-A-0.wav
local_B_ANI01_MC_FN_SIM01_101.wav,Cat,balanced7_existing,Cat,mixed-existing,D:\CSDLDPT\data\balanced_raw\Cat\local_B_ANI01_MC_FN_SIM01_101.wav
local_B_BRI01_MC_FI_SIM01_101.wav,Cat,balanced7_existing,Cat,mixed-existing,D:\CSDLDPT\data\balanced_raw\Cat\local_B_BRI01_MC_FI_SIM01_101.wav
local_B_BRI01_MC_FI_SIM01_202.wav,Cat,balanced7_existing,Cat,mixed-existing,D:\CSDLDPT\data\balanced_raw\Cat\local_B_BRI01_MC_FI_SIM01_202.wav
local_B_BRI01_MC_FI_SIM01_303.wav,Cat,balanced7_existing,Cat,mixed-existing,D:\CSDLDPT\data\balanced_raw\Cat\local_B_BRI01_MC_FI_SIM01_303.wav
local_B_CAN01_EU_FN_GIA01_102.wav,Cat,balanced7_existing,Cat,mixed-existing,D:\CSDLDPT\data\balanced_raw\Cat\local_B_CAN01_EU_FN_GIA01_102.wav
local_B_CAN01_EU_FN_GIA01_105.wav,Cat,balanced7_existing,Cat,mixed-existing,D:\CSDLDPT\data\balanced_raw\Cat\local_B_CAN01_EU_FN_GIA01_105.wav
local_B_CAN01_EU_FN_GIA01_310.wav,Cat,balanced7_existing,Cat,mixed-existing,D:\CSDLDPT\data\balanced_raw\Cat\local_B_CAN01_EU_FN_GIA01_310.wav
local_B_DAK01_MC_FN_SIM01_301.wav,Cat,balanced7_existing,Cat,mixed-existing,D:\CSDLDPT\data\balanced_raw\Cat\local_B_DAK01_MC_FN_SIM01_301.wav
local_B_IND01_EU_FN_ELI01_103.wav,Cat,balanced7_existing,Cat,mixed-existing,D:\CSDLDPT\data\balanced_raw\Cat\local_B_IND01_EU_FN_ELI01_103.wav
local_B_IND01_EU_FN_ELI01_202.wav,Cat,balanced7_existing,Cat,mixed-existing,D:\CSDLDPT\data\balanced_raw\Cat\local_B_IND01_EU_FN_ELI01_202.wav
local_B_IND01_EU_FN_ELI01_304.wav,Cat,balanced7_existing,Cat,mixed-existing,D:\CSDLDPT\data\balanced_raw\Cat\local_B_IND01_EU_FN_ELI01_304.wav
local_B_MAG01_EU_FN_FED01_301.wav,Cat,balanced7_existing,Cat,mixed-existing,D:\CSDLDPT\data\balanced_raw\Cat\local_B_MAG01_EU_FN_FED01_301.wav
local_B_MAT01_EU_FN_RIT01_204.wav,Cat,balanced7_existing,Cat,mixed-existing,D:\CSDLDPT\data\balanced_raw\Cat\local_B_MAT01_EU_FN_RIT01_204.wav
local_B_MAT01_EU_FN_RIT01_206.wav,Cat,balanced7_existing,Cat,mixed-existing,D:\CSDLDPT\data\balanced_raw\Cat\local_B_MAT01_EU_FN_RIT01_206.wav
local_B_MAT01_EU_FN_RIT01_207.wav,Cat,balanced7_existing,Cat,mixed-existing,D:\CSDLDPT\data\balanced_raw\Cat\local_B_MAT01_EU_FN_RIT01_207.wav
local_B_MIN01_EU_FN_BEN01_101.wav,Cat,balanced7_existing,Cat,mixed-existing,D:\CSDLDPT\data\balanced_raw\Cat\local_B_MIN01_EU_FN_BEN01_101.wav
local_B_MIN01_EU_FN_BEN01_102.wav,Cat,balanced7_existing,Cat,mixed-existing,D:\CSDLDPT\data\balanced_raw\Cat\local_B_MIN01_EU_FN_BEN01_102.wav
local_B_MIN01_EU_FN_BEN01_103.wav,Cat,balanced7_existing,Cat,mixed-existing,D:\CSDLDPT\data\balanced_raw\Cat\local_B_MIN01_EU_FN_BEN01_103.wav
local_B_MIN01_EU_FN_BEN01_104.wav,Cat,balanced7_existing,Cat,mixed-existing,D:\CSDLDPT\data\balanced_raw\Cat\local_B_MIN01_EU_FN_BEN01_104.wav
local_B_NIG01_MC_MN_SIM01_201.wav,Cat,balanced7_existing,Cat,mixed-existing,D:\CSDLDPT\data\balanced_raw\Cat\local_B_NIG01_MC_MN_SIM01_201.wav
local_B_NUL01_MC_MI_SIM01_201.wav,Cat,balanced7_existing,Cat,mixed-existing,D:\CSDLDPT\data\balanced_raw\Cat\local_B_NUL01_MC_MI_SIM01_201.wav
local_B_REG01_EU_FN_GIO01_102.wav,Cat,balanced7_existing,Cat,mixed-existing,D:\CSDLDPT\data\balanced_raw\Cat\local_B_REG01_EU_FN_GIO01_102.wav
local_B_SPI01_EU_MN_NAI01_101.wav,Cat,balanced7_existing,Cat,mixed-existing,D:\CSDLDPT\data\balanced_raw\Cat\local_B_SPI01_EU_MN_NAI01_101.wav
local_B_WHO01_MC_FI_SIM01_103.wav,Cat,balanced7_existing,Cat,mixed-existing,D:\CSDLDPT\data\balanced_raw\Cat\local_B_WHO01_MC_FI_SIM01_103.wav
local_B_WHO01_MC_FI_SIM01_201.wav,Cat,balanced7_existing,Cat,mixed-existing,D:\CSDLDPT\data\balanced_raw\Cat\local_B_WHO01_MC_FI_SIM01_201.wav
local_B_WHO01_MC_FI_SIM01_202.wav,Cat,balanced7_existing,Cat,mixed-existing,D:\CSDLDPT\data\balanced_raw\Cat\local_B_WHO01_MC_FI_SIM01_202.wav
local_B_WHO01_MC_FI_SIM01_302.wav,Cat,balanced7_existing,Cat,mixed-existing,D:\CSDLDPT\data\balanced_raw\Cat\local_B_WHO01_MC_FI_SIM01_302.wav
local_esc50_cat_1-34094-A-5.wav,Cat,balanced7_existing,Cat,mixed-existing,D:\CSDLDPT\data\balanced_raw\Cat\local_esc50_cat_1-34094-A-5.wav
local_esc50_cat_1-34094-B-5.wav,Cat,balanced7_existing,Cat,mixed-existing,D:\CSDLDPT\data\balanced_raw\Cat\local_esc50_cat_1-34094-B-5.wav
local_esc50_cat_1-47819-A-5.wav,Cat,balanced7_existing,Cat,mixed-existing,D:\CSDLDPT\data\balanced_raw\Cat\local_esc50_cat_1-47819-A-5.wav
local_esc50_cat_1-47819-B-5.wav,Cat,balanced7_existing,Cat,mixed-existing,D:\CSDLDPT\data\balanced_raw\Cat\local_esc50_cat_1-47819-B-5.wav
local_esc50_cat_1-47819-C-5.wav,Cat,balanced7_existing,Cat,mixed-existing,D:\CSDLDPT\data\balanced_raw\Cat\local_esc50_cat_1-47819-C-5.wav
local_esc50_cat_1-56380-A-5.wav,Cat,balanced7_existing,Cat,mixed-existing,D:\CSDLDPT\data\balanced_raw\Cat\local_esc50_cat_1-56380-A-5.wav
local_esc50_cat_1-56380-B-5.wav,Cat,balanced7_existing,Cat,mixed-existing,D:\CSDLDPT\data\balanced_raw\Cat\local_esc50_cat_1-56380-B-5.wav
local_esc50_cat_1-79113-A-5.wav,Cat,balanced7_existing,Cat,mixed-existing,D:\CSDLDPT\data\balanced_raw\Cat\local_esc50_cat_1-79113-A-5.wav
local_esc50_cat_2-110010-A-5.wav,Cat,balanced7_existing,Cat,mixed-existing,D:\CSDLDPT\data\balanced_raw\Cat\local_esc50_cat_2-110010-A-5.wav
local_esc50_cat_2-110011-A-5.wav,Cat,balanced7_existing,Cat,mixed-existing,D:\CSDLDPT\data\balanced_raw\Cat\local_esc50_cat_2-110011-A-5.wav
local_esc50_cat_2-69131-A-5.wav,Cat,balanced7_existing,Cat,mixed-existing,D:\CSDLDPT\data\balanced_raw\Cat\local_esc50_cat_2-69131-A-5.wav
local_esc50_cat_2-69131-B-5.wav,Cat,balanced7_existing,Cat,mixed-existing,D:\CSDLDPT\data\balanced_raw\Cat\local_esc50_cat_2-69131-B-5.wav
local_esc50_cat_2-82274-A-5.wav,Cat,balanced7_existing,Cat,mixed-existing,D:\CSDLDPT\data\balanced_raw\Cat\local_esc50_cat_2-82274-A-5.wav
local_esc50_cat_2-82274-B-5.wav,Cat,balanced7_existing,Cat,mixed-existing,D:\CSDLDPT\data\balanced_raw\Cat\local_esc50_cat_2-82274-B-5.wav
local_esc50_cat_2-83934-A-5.wav,Cat,balanced7_existing,Cat,mixed-existing,D:\CSDLDPT\data\balanced_raw\Cat\local_esc50_cat_2-83934-A-5.wav
local_esc50_cat_2-83934-B-5.wav,Cat,balanced7_existing,Cat,mixed-existing,D:\CSDLDPT\data\balanced_raw\Cat\local_esc50_cat_2-83934-B-5.wav
local_esc50_cat_3-146964-A-5.wav,Cat,balanced7_existing,Cat,mixed-existing,D:\CSDLDPT\data\balanced_raw\Cat\local_esc50_cat_3-146964-A-5.wav
local_esc50_cat_3-146965-A-5.wav,Cat,balanced7_existing,Cat,mixed-existing,D:\CSDLDPT\data\balanced_raw\Cat\local_esc50_cat_3-146965-A-5.wav
local_esc50_cat_3-146972-A-5.wav,Cat,balanced7_existing,Cat,mixed-existing,D:\CSDLDPT\data\balanced_raw\Cat\local_esc50_cat_3-146972-A-5.wav
local_esc50_cat_3-95694-A-5.wav,Cat,balanced7_existing,Cat,mixed-existing,D:\CSDLDPT\data\balanced_raw\Cat\local_esc50_cat_3-95694-A-5.wav
local_esc50_cat_3-95695-A-5.wav,Cat,balanced7_existing,Cat,mixed-existing,D:\CSDLDPT\data\balanced_raw\Cat\local_esc50_cat_3-95695-A-5.wav
local_esc50_cat_3-95695-B-5.wav,Cat,balanced7_existing,Cat,mixed-existing,D:\CSDLDPT\data\balanced_raw\Cat\local_esc50_cat_3-95695-B-5.wav
local_esc50_cat_3-95697-A-5.wav,Cat,balanced7_existing,Cat,mixed-existing,D:\CSDLDPT\data\balanced_raw\Cat\local_esc50_cat_3-95697-A-5.wav
local_esc50_cat_3-95698-A-5.wav,Cat,balanced7_existing,Cat,mixed-existing,D:\CSDLDPT\data\balanced_raw\Cat\local_esc50_cat_3-95698-A-5.wav
local_esc50_cat_4-120160-A-5.wav,Cat,balanced7_existing,Cat,mixed-existing,D:\CSDLDPT\data\balanced_raw\Cat\local_esc50_cat_4-120160-A-5.wav
local_esc50_cat_4-133047-A-5.wav,Cat,balanced7_existing,Cat,mixed-existing,D:\CSDLDPT\data\balanced_raw\Cat\local_esc50_cat_4-133047-A-5.wav
local_esc50_cat_4-133047-B-5.wav,Cat,balanced7_existing,Cat,mixed-existing,D:\CSDLDPT\data\balanced_raw\Cat\local_esc50_cat_4-133047-B-5.wav
local_esc50_cat_4-133047-C-5.wav,Cat,balanced7_existing,Cat,mixed-existing,D:\CSDLDPT\data\balanced_raw\Cat\local_esc50_cat_4-133047-C-5.wav
local_esc50_cat_4-149940-A-5.wav,Cat,balanced7_existing,Cat,mixed-existing,D:\CSDLDPT\data\balanced_raw\Cat\local_esc50_cat_4-149940-A-5.wav
local_esc50_cat_4-149940-B-5.wav,Cat,balanced7_existing,Cat,mixed-existing,D:\CSDLDPT\data\balanced_raw\Cat\local_esc50_cat_4-149940-B-5.wav
local_esc50_cat_4-161303-A-5.wav,Cat,balanced7_existing,Cat,mixed-existing,D:\CSDLDPT\data\balanced_raw\Cat\local_esc50_cat_4-161303-A-5.wav
local_esc50_cat_4-161303-B-5.wav,Cat,balanced7_existing,Cat,mixed-existing,D:\CSDLDPT\data\balanced_raw\Cat\local_esc50_cat_4-161303-B-5.wav
local_esc50_cat_5-169983-A-5.wav,Cat,balanced7_existing,Cat,mixed-existing,D:\CSDLDPT\data\balanced_raw\Cat\local_esc50_cat_5-169983-A-5.wav
local_esc50_cat_5-172299-A-5.wav,Cat,balanced7_existing,Cat,mixed-existing,D:\CSDLDPT\data\balanced_raw\Cat\local_esc50_cat_5-172299-A-5.wav
local_esc50_cat_5-172639-A-5.wav,Cat,balanced7_existing,Cat,mixed-existing,D:\CSDLDPT\data\balanced_raw\Cat\local_esc50_cat_5-172639-A-5.wav
local_esc50_cat_5-177614-A-5.wav,Cat,balanced7_existing,Cat,mixed-existing,D:\CSDLDPT\data\balanced_raw\Cat\local_esc50_cat_5-177614-A-5.wav
local_esc50_cat_5-214759-A-5.wav,Cat,balanced7_existing,Cat,mixed-existing,D:\CSDLDPT\data\balanced_raw\Cat\local_esc50_cat_5-214759-A-5.wav
local_esc50_cat_5-214759-B-5.wav,Cat,balanced7_existing,Cat,mixed-existing,D:\CSDLDPT\data\balanced_raw\Cat\local_esc50_cat_5-214759-B-5.wav
local_esc50_cat_5-256452-A-5.wav,Cat,balanced7_existing,Cat,mixed-existing,D:\CSDLDPT\data\balanced_raw\Cat\local_esc50_cat_5-256452-A-5.wav
local_esc50_cat_5-259169-A-5.wav,Cat,balanced7_existing,Cat,mixed-existing,D:\CSDLDPT\data\balanced_raw\Cat\local_esc50_cat_5-259169-A-5.wav
local_F_BRI01_MC_FI_SIM01_201.wav,Cat,balanced7_existing,Cat,mixed-existing,D:\CSDLDPT\data\balanced_raw\Cat\local_F_BRI01_MC_FI_SIM01_201.wav
local_F_MAT01_EU_FN_RIT01_101.wav,Cat,balanced7_existing,Cat,mixed-existing,D:\CSDLDPT\data\balanced_raw\Cat\local_F_MAT01_EU_FN_RIT01_101.wav
local_F_MAT01_EU_FN_RIT01_301.wav,Cat,balanced7_existing,Cat,mixed-existing,D:\CSDLDPT\data\balanced_raw\Cat\local_F_MAT01_EU_FN_RIT01_301.wav
local_F_REG01_EU_FN_GIO01_201.wav,Cat,balanced7_existing,Cat,mixed-existing,D:\CSDLDPT\data\balanced_raw\Cat\local_F_REG01_EU_FN_GIO01_201.wav
local_F_SPI01_EU_MN_NAI01_102.wav,Cat,balanced7_existing,Cat,mixed-existing,D:\CSDLDPT\data\balanced_raw\Cat\local_F_SPI01_EU_MN_NAI01_102.wav
local_F_SPI01_EU_MN_NAI01_103.wav,Cat,balanced7_existing,Cat,mixed-existing,D:\CSDLDPT\data\balanced_raw\Cat\local_F_SPI01_EU_MN_NAI01_103.wav
local_F_SPI01_EU_MN_NAI01_104.wav,Cat,balanced7_existing,Cat,mixed-existing,D:\CSDLDPT\data\balanced_raw\Cat\local_F_SPI01_EU_MN_NAI01_104.wav
local_F_SPI01_EU_MN_NAI01_201.wav,Cat,balanced7_existing,Cat,mixed-existing,D:\CSDLDPT\data\balanced_raw\Cat\local_F_SPI01_EU_MN_NAI01_201.wav
local_F_SPI01_EU_MN_NAI01_203.wav,Cat,balanced7_existing,Cat,mixed-existing,D:\CSDLDPT\data\balanced_raw\Cat\local_F_SPI01_EU_MN_NAI01_203.wav
local_F_SPI01_EU_MN_NAI01_301.wav,Cat,balanced7_existing,Cat,mixed-existing,D:\CSDLDPT\data\balanced_raw\Cat\local_F_SPI01_EU_MN_NAI01_301.wav
local_F_WHO01_MC_FI_SIM01_101.wav,Cat,balanced7_existing,Cat,mixed-existing,D:\CSDLDPT\data\balanced_raw\Cat\local_F_WHO01_MC_FI_SIM01_101.wav
local_I_ANI01_MC_FN_SIM01_101.wav,Cat,balanced7_existing,Cat,mixed-existing,D:\CSDLDPT\data\balanced_raw\Cat\local_I_ANI01_MC_FN_SIM01_101.wav
local_I_ANI01_MC_FN_SIM01_102.wav,Cat,balanced7_existing,Cat,mixed-existing,D:\CSDLDPT\data\balanced_raw\Cat\local_I_ANI01_MC_FN_SIM01_102.wav
local_I_ANI01_MC_FN_SIM01_103.wav,Cat,balanced7_existing,Cat,mixed-existing,D:\CSDLDPT\data\balanced_raw\Cat\local_I_ANI01_MC_FN_SIM01_103.wav
local_I_ANI01_MC_FN_SIM01_104.wav,Cat,balanced7_existing,Cat,mixed-existing,D:\CSDLDPT\data\balanced_raw\Cat\local_I_ANI01_MC_FN_SIM01_104.wav
local_I_BLE01_EU_FN_DEL01_101.wav,Cat,balanced7_existing,Cat,mixed-existing,D:\CSDLDPT\data\balanced_raw\Cat\local_I_BLE01_EU_FN_DEL01_101.wav
local_I_BLE01_EU_FN_DEL01_202.wav,Cat,balanced7_existing,Cat,mixed-existing,D:\CSDLDPT\data\balanced_raw\Cat\local_I_BLE01_EU_FN_DEL01_202.wav
local_I_BLE01_EU_FN_DEL01_203.wav,Cat,balanced7_existing,Cat,mixed-existing,D:\CSDLDPT\data\balanced_raw\Cat\local_I_BLE01_EU_FN_DEL01_203.wav
local_I_BLE01_EU_FN_DEL01_204.wav,Cat,balanced7_existing,Cat,mixed-existing,D:\CSDLDPT\data\balanced_raw\Cat\local_I_BLE01_EU_FN_DEL01_204.wav
local_I_BLE01_EU_FN_DEL01_206.wav,Cat,balanced7_existing,Cat,mixed-existing,D:\CSDLDPT\data\balanced_raw\Cat\local_I_BLE01_EU_FN_DEL01_206.wav
local_I_BLE01_EU_FN_DEL01_212.wav,Cat,balanced7_existing,Cat,mixed-existing,D:\CSDLDPT\data\balanced_raw\Cat\local_I_BLE01_EU_FN_DEL01_212.wav
local_I_BLE01_EU_FN_DEL01_217.wav,Cat,balanced7_existing,Cat,mixed-existing,D:\CSDLDPT\data\balanced_raw\Cat\local_I_BLE01_EU_FN_DEL01_217.wav
local_I_BLE01_EU_FN_DEL01_218.wav,Cat,balanced7_existing,Cat,mixed-existing,D:\CSDLDPT\data\balanced_raw\Cat\local_I_BLE01_EU_FN_DEL01_218.wav
local_I_BLE01_EU_FN_DEL01_301.wav,Cat,balanced7_existing,Cat,mixed-existing,D:\CSDLDPT\data\balanced_raw\Cat\local_I_BLE01_EU_FN_DEL01_301.wav
local_I_BLE01_EU_FN_DEL01_304.wav,Cat,balanced7_existing,Cat,mixed-existing,D:\CSDLDPT\data\balanced_raw\Cat\local_I_BLE01_EU_FN_DEL01_304.wav
local_I_BLE01_EU_FN_DEL01_305.wav,Cat,balanced7_existing,Cat,mixed-existing,D:\CSDLDPT\data\balanced_raw\Cat\local_I_BLE01_EU_FN_DEL01_305.wav
local_I_BLE01_EU_FN_DEL01_306.wav,Cat,balanced7_existing,Cat,mixed-existing,D:\CSDLDPT\data\balanced_raw\Cat\local_I_BLE01_EU_FN_DEL01_306.wav
local_I_BLE01_EU_FN_DEL01_401.wav,Cat,balanced7_existing,Cat,mixed-existing,D:\CSDLDPT\data\balanced_raw\Cat\local_I_BLE01_EU_FN_DEL01_401.wav
local_I_BLE01_EU_FN_DEL01_405.wav,Cat,balanced7_existing,Cat,mixed-existing,D:\CSDLDPT\data\balanced_raw\Cat\local_I_BLE01_EU_FN_DEL01_405.wav
local_I_BRA01_MC_MN_SIM01_104.wav,Cat,balanced7_existing,Cat,mixed-existing,D:\CSDLDPT\data\balanced_raw\Cat\local_I_BRA01_MC_MN_SIM01_104.wav
local_I_BRA01_MC_MN_SIM01_301.wav,Cat,balanced7_existing,Cat,mixed-existing,D:\CSDLDPT\data\balanced_raw\Cat\local_I_BRA01_MC_MN_SIM01_301.wav
local_I_CAN01_EU_FN_GIA01_205.wav,Cat,balanced7_existing,Cat,mixed-existing,D:\CSDLDPT\data\balanced_raw\Cat\local_I_CAN01_EU_FN_GIA01_205.wav
local_I_CLE01_EU_FN_FER01_101.wav,Cat,balanced7_existing,Cat,mixed-existing,D:\CSDLDPT\data\balanced_raw\Cat\local_I_CLE01_EU_FN_FER01_101.wav
local_I_CLE01_EU_FN_FER01_103.wav,Cat,balanced7_existing,Cat,mixed-existing,D:\CSDLDPT\data\balanced_raw\Cat\local_I_CLE01_EU_FN_FER01_103.wav
local_I_CLE01_EU_FN_FER01_107.wav,Cat,balanced7_existing,Cat,mixed-existing,D:\CSDLDPT\data\balanced_raw\Cat\local_I_CLE01_EU_FN_FER01_107.wav
local_I_CLE01_EU_FN_FER01_109.wav,Cat,balanced7_existing,Cat,mixed-existing,D:\CSDLDPT\data\balanced_raw\Cat\local_I_CLE01_EU_FN_FER01_109.wav
local_I_CLE01_EU_FN_FER01_110.wav,Cat,balanced7_existing,Cat,mixed-existing,D:\CSDLDPT\data\balanced_raw\Cat\local_I_CLE01_EU_FN_FER01_110.wav
local_I_CLE01_EU_FN_FER01_115.wav,Cat,balanced7_existing,Cat,mixed-existing,D:\CSDLDPT\data\balanced_raw\Cat\local_I_CLE01_EU_FN_FER01_115.wav
local_I_CLE01_EU_FN_FER01_116.wav,Cat,balanced7_existing,Cat,mixed-existing,D:\CSDLDPT\data\balanced_raw\Cat\local_I_CLE01_EU_FN_FER01_116.wav
local_I_CLE01_EU_FN_FER01_118.wav,Cat,balanced7_existing,Cat,mixed-existing,D:\CSDLDPT\data\balanced_raw\Cat\local_I_CLE01_EU_FN_FER01_118.wav
local_I_CLE01_EU_FN_FER01_119.wav,Cat,balanced7_existing,Cat,mixed-existing,D:\CSDLDPT\data\balanced_raw\Cat\local_I_CLE01_EU_FN_FER01_119.wav
local_I_CLE01_EU_FN_FER01_120.wav,Cat,balanced7_existing,Cat,mixed-existing,D:\CSDLDPT\data\balanced_raw\Cat\local_I_CLE01_EU_FN_FER01_120.wav
local_I_DAK01_MC_FN_SIM01_303.wav,Cat,balanced7_existing,Cat,mixed-existing,D:\CSDLDPT\data\balanced_raw\Cat\local_I_DAK01_MC_FN_SIM01_303.wav
local_I_MAG01_EU_FN_FED01_101.wav,Cat,balanced7_existing,Cat,mixed-existing,D:\CSDLDPT\data\balanced_raw\Cat\local_I_MAG01_EU_FN_FED01_101.wav
local_I_MAT01_EU_FN_RIT01_201.wav,Cat,balanced7_existing,Cat,mixed-existing,D:\CSDLDPT\data\balanced_raw\Cat\local_I_MAT01_EU_FN_RIT01_201.wav
local_I_MAT01_EU_FN_RIT01_203.wav,Cat,balanced7_existing,Cat,mixed-existing,D:\CSDLDPT\data\balanced_raw\Cat\local_I_MAT01_EU_FN_RIT01_203.wav
local_I_MAT01_EU_FN_RIT01_207.wav,Cat,balanced7_existing,Cat,mixed-existing,D:\CSDLDPT\data\balanced_raw\Cat\local_I_MAT01_EU_FN_RIT01_207.wav
local_I_MAT01_EU_FN_RIT01_208.wav,Cat,balanced7_existing,Cat,mixed-existing,D:\CSDLDPT\data\balanced_raw\Cat\local_I_MAT01_EU_FN_RIT01_208.wav
local_I_MAT01_EU_FN_RIT01_210.wav,Cat,balanced7_existing,Cat,mixed-existing,D:\CSDLDPT\data\balanced_raw\Cat\local_I_MAT01_EU_FN_RIT01_210.wav
local_I_MIN01_EU_FN_BEN01_101.wav,Cat,balanced7_existing,Cat,mixed-existing,D:\CSDLDPT\data\balanced_raw\Cat\local_I_MIN01_EU_FN_BEN01_101.wav
local_I_MIN01_EU_FN_BEN01_103.wav,Cat,balanced7_existing,Cat,mixed-existing,D:\CSDLDPT\data\balanced_raw\Cat\local_I_MIN01_EU_FN_BEN01_103.wav
local_I_MIN01_EU_FN_BEN01_104.wav,Cat,balanced7_existing,Cat,mixed-existing,D:\CSDLDPT\data\balanced_raw\Cat\local_I_MIN01_EU_FN_BEN01_104.wav
local_I_MIN01_EU_FN_BEN01_105.wav,Cat,balanced7_existing,Cat,mixed-existing,D:\CSDLDPT\data\balanced_raw\Cat\local_I_MIN01_EU_FN_BEN01_105.wav
local_I_MIN01_EU_FN_BEN01_106.wav,Cat,balanced7_existing,Cat,mixed-existing,D:\CSDLDPT\data\balanced_raw\Cat\local_I_MIN01_EU_FN_BEN01_106.wav
local_I_NUL01_MC_MI_SIM01_203.wav,Cat,balanced7_existing,Cat,mixed-existing,D:\CSDLDPT\data\balanced_raw\Cat\local_I_NUL01_MC_MI_SIM01_203.wav
local_I_NUL01_MC_MI_SIM01_204.wav,Cat,balanced7_existing,Cat,mixed-existing,D:\CSDLDPT\data\balanced_raw\Cat\local_I_NUL01_MC_MI_SIM01_204.wav
local_I_NUL01_MC_MI_SIM01_205.wav,Cat,balanced7_existing,Cat,mixed-existing,D:\CSDLDPT\data\balanced_raw\Cat\local_I_NUL01_MC_MI_SIM01_205.wav
local_I_SPI01_EU_MN_NAI01_101.wav,Cat,balanced7_existing,Cat,mixed-existing,D:\CSDLDPT\data\balanced_raw\Cat\local_I_SPI01_EU_MN_NAI01_101.wav
local_I_SPI01_EU_MN_NAI01_102.wav,Cat,balanced7_existing,Cat,mixed-existing,D:\CSDLDPT\data\balanced_raw\Cat\local_I_SPI01_EU_MN_NAI01_102.wav
local_I_SPI01_EU_MN_NAI01_103.wav,Cat,balanced7_existing,Cat,mixed-existing,D:\CSDLDPT\data\balanced_raw\Cat\local_I_SPI01_EU_MN_NAI01_103.wav
local_I_SPI01_EU_MN_NAI01_104.wav,Cat,balanced7_existing,Cat,mixed-existing,D:\CSDLDPT\data\balanced_raw\Cat\local_I_SPI01_EU_MN_NAI01_104.wav
local_I_SPI01_EU_MN_NAI01_105.wav,Cat,balanced7_existing,Cat,mixed-existing,D:\CSDLDPT\data\balanced_raw\Cat\local_I_SPI01_EU_MN_NAI01_105.wav
local_I_SPI01_EU_MN_NAI01_201.wav,Cat,balanced7_existing,Cat,mixed-existing,D:\CSDLDPT\data\balanced_raw\Cat\local_I_SPI01_EU_MN_NAI01_201.wav
local_I_SPI01_EU_MN_NAI01_202.wav,Cat,balanced7_existing,Cat,mixed-existing,D:\CSDLDPT\data\balanced_raw\Cat\local_I_SPI01_EU_MN_NAI01_202.wav
local_I_SPI01_EU_MN_NAI01_203.wav,Cat,balanced7_existing,Cat,mixed-existing,D:\CSDLDPT\data\balanced_raw\Cat\local_I_SPI01_EU_MN_NAI01_203.wav
local_I_SPI01_EU_MN_NAI01_204.wav,Cat,balanced7_existing,Cat,mixed-existing,D:\CSDLDPT\data\balanced_raw\Cat\local_I_SPI01_EU_MN_NAI01_204.wav
local_I_SPI01_EU_MN_NAI01_205.wav,Cat,balanced7_existing,Cat,mixed-existing,D:\CSDLDPT\data\balanced_raw\Cat\local_I_SPI01_EU_MN_NAI01_205.wav
local_I_SPI01_EU_MN_NAI01_301.wav,Cat,balanced7_existing,Cat,mixed-existing,D:\CSDLDPT\data\balanced_raw\Cat\local_I_SPI01_EU_MN_NAI01_301.wav
local_I_SPI01_EU_MN_NAI01_302.wav,Cat,balanced7_existing,Cat,mixed-existing,D:\CSDLDPT\data\balanced_raw\Cat\local_I_SPI01_EU_MN_NAI01_302.wav
local_I_SPI01_EU_MN_NAI01_303.wav,Cat,balanced7_existing,Cat,mixed-existing,D:\CSDLDPT\data\balanced_raw\Cat\local_I_SPI01_EU_MN_NAI01_303.wav
local_I_SPI01_EU_MN_NAI01_304.wav,Cat,balanced7_existing,Cat,mixed-existing,D:\CSDLDPT\data\balanced_raw\Cat\local_I_SPI01_EU_MN_NAI01_304.wav
local_I_SPI01_EU_MN_NAI01_305.wav,Cat,balanced7_existing,Cat,mixed-existing,D:\CSDLDPT\data\balanced_raw\Cat\local_I_SPI01_EU_MN_NAI01_305.wav
local_I_WHO01_MC_FI_SIM01_101.wav,Cat,balanced7_existing,Cat,mixed-existing,D:\CSDLDPT\data\balanced_raw\Cat\local_I_WHO01_MC_FI_SIM01_101.wav
local_I_WHO01_MC_FI_SIM01_105.wav,Cat,balanced7_existing,Cat,mixed-existing,D:\CSDLDPT\data\balanced_raw\Cat\local_I_WHO01_MC_FI_SIM01_105.wav
local_I_WHO01_MC_FI_SIM01_106.wav,Cat,balanced7_existing,Cat,mixed-existing,D:\CSDLDPT\data\balanced_raw\Cat\local_I_WHO01_MC_FI_SIM01_106.wav
local_I_WHO01_MC_FI_SIM01_108.wav,Cat,balanced7_existing,Cat,mixed-existing,D:\CSDLDPT\data\balanced_raw\Cat\local_I_WHO01_MC_FI_SIM01_108.wav
local_I_WHO01_MC_FI_SIM01_116.wav,Cat,balanced7_existing,Cat,mixed-existing,D:\CSDLDPT\data\balanced_raw\Cat\local_I_WHO01_MC_FI_SIM01_116.wav
local_I_WHO01_MC_FI_SIM01_201.wav,Cat,balanced7_existing,Cat,mixed-existing,D:\CSDLDPT\data\balanced_raw\Cat\local_I_WHO01_MC_FI_SIM01_201.wav
local_1-16568-A.wav,Cow,balanced7_existing,Cow,mixed-existing,D:\CSDLDPT\data\balanced_raw\Cow\local_1-16568-A.wav
local_1-202111-A.wav,Cow,balanced7_existing,Cow,mixed-existing,D:\CSDLDPT\data\balanced_raw\Cow\local_1-202111-A.wav
local_1-58277-A.wav,Cow,balanced7_existing,Cow,mixed-existing,D:\CSDLDPT\data\balanced_raw\Cow\local_1-58277-A.wav
local_1-69422-A.wav,Cow,balanced7_existing,Cow,mixed-existing,D:\CSDLDPT\data\balanced_raw\Cow\local_1-69422-A.wav
local_1-69641-A.wav,Cow,balanced7_existing,Cow,mixed-existing,D:\CSDLDPT\data\balanced_raw\Cow\local_1-69641-A.wav
local_1-77160-A.wav,Cow,balanced7_existing,Cow,mixed-existing,D:\CSDLDPT\data\balanced_raw\Cow\local_1-77160-A.wav
local_1-77241-A.wav,Cow,balanced7_existing,Cow,mixed-existing,D:\CSDLDPT\data\balanced_raw\Cow\local_1-77241-A.wav
local_1-81269-A.wav,Cow,balanced7_existing,Cow,mixed-existing,D:\CSDLDPT\data\balanced_raw\Cow\local_1-81269-A.wav
local_2-103423-A.wav,Cow,balanced7_existing,Cow,mixed-existing,D:\CSDLDPT\data\balanced_raw\Cow\local_2-103423-A.wav
local_2-103424-A.wav,Cow,balanced7_existing,Cow,mixed-existing,D:\CSDLDPT\data\balanced_raw\Cow\local_2-103424-A.wav
local_2-103426-A.wav,Cow,balanced7_existing,Cow,mixed-existing,D:\CSDLDPT\data\balanced_raw\Cow\local_2-103426-A.wav
local_2-103427-A.wav,Cow,balanced7_existing,Cow,mixed-existing,D:\CSDLDPT\data\balanced_raw\Cow\local_2-103427-A.wav
local_2-103428-A.wav,Cow,balanced7_existing,Cow,mixed-existing,D:\CSDLDPT\data\balanced_raw\Cow\local_2-103428-A.wav
local_2-104877-A.wav,Cow,balanced7_existing,Cow,mixed-existing,D:\CSDLDPT\data\balanced_raw\Cow\local_2-104877-A.wav
local_2-117795-A.wav,Cow,balanced7_existing,Cow,mixed-existing,D:\CSDLDPT\data\balanced_raw\Cow\local_2-117795-A.wav
local_2-117795-B.wav,Cow,balanced7_existing,Cow,mixed-existing,D:\CSDLDPT\data\balanced_raw\Cow\local_2-117795-B.wav
local_3-124376-A.wav,Cow,balanced7_existing,Cow,mixed-existing,D:\CSDLDPT\data\balanced_raw\Cow\local_3-124376-A.wav
local_3-124376-B.wav,Cow,balanced7_existing,Cow,mixed-existing,D:\CSDLDPT\data\balanced_raw\Cow\local_3-124376-B.wav
local_3-126358-A.wav,Cow,balanced7_existing,Cow,mixed-existing,D:\CSDLDPT\data\balanced_raw\Cow\local_3-126358-A.wav
local_3-126358-B.wav,Cow,balanced7_existing,Cow,mixed-existing,D:\CSDLDPT\data\balanced_raw\Cow\local_3-126358-B.wav
local_3-152039-A.wav,Cow,balanced7_existing,Cow,mixed-existing,D:\CSDLDPT\data\balanced_raw\Cow\local_3-152039-A.wav
local_3-152039-B.wav,Cow,balanced7_existing,Cow,mixed-existing,D:\CSDLDPT\data\balanced_raw\Cow\local_3-152039-B.wav
local_3-160993-A.wav,Cow,balanced7_existing,Cow,mixed-existing,D:\CSDLDPT\data\balanced_raw\Cow\local_3-160993-A.wav
local_3-163727-A.wav,Cow,balanced7_existing,Cow,mixed-existing,D:\CSDLDPT\data\balanced_raw\Cow\local_3-163727-A.wav
local_4-174860-A.wav,Cow,balanced7_existing,Cow,mixed-existing,D:\CSDLDPT\data\balanced_raw\Cow\local_4-174860-A.wav
local_4-174860-B.wav,Cow,balanced7_existing,Cow,mixed-existing,D:\CSDLDPT\data\balanced_raw\Cow\local_4-174860-B.wav
local_4-181955-A.wav,Cow,balanced7_existing,Cow,mixed-existing,D:\CSDLDPT\data\balanced_raw\Cow\local_4-181955-A.wav
local_4-181955-B.wav,Cow,balanced7_existing,Cow,mixed-existing,D:\CSDLDPT\data\balanced_raw\Cow\local_4-181955-B.wav
local_4-181955-C.wav,Cow,balanced7_existing,Cow,mixed-existing,D:\CSDLDPT\data\balanced_raw\Cow\local_4-181955-C.wav
local_4-213915-A.wav,Cow,balanced7_existing,Cow,mixed-existing,D:\CSDLDPT\data\balanced_raw\Cow\local_4-213915-A.wav
local_4-213915-B.wav,Cow,balanced7_existing,Cow,mixed-existing,D:\CSDLDPT\data\balanced_raw\Cow\local_4-213915-B.wav
local_4-213915-C.wav,Cow,balanced7_existing,Cow,mixed-existing,D:\CSDLDPT\data\balanced_raw\Cow\local_4-213915-C.wav
local_5-194899-A.wav,Cow,balanced7_existing,Cow,mixed-existing,D:\CSDLDPT\data\balanced_raw\Cow\local_5-194899-A.wav
local_5-194899-B.wav,Cow,balanced7_existing,Cow,mixed-existing,D:\CSDLDPT\data\balanced_raw\Cow\local_5-194899-B.wav
local_5-194899-C.wav,Cow,balanced7_existing,Cow,mixed-existing,D:\CSDLDPT\data\balanced_raw\Cow\local_5-194899-C.wav
local_5-194899-D.wav,Cow,balanced7_existing,Cow,mixed-existing,D:\CSDLDPT\data\balanced_raw\Cow\local_5-194899-D.wav
local_5-202795-A.wav,Cow,balanced7_existing,Cow,mixed-existing,D:\CSDLDPT\data\balanced_raw\Cow\local_5-202795-A.wav
local_5-242492-A.wav,Cow,balanced7_existing,Cow,mixed-existing,D:\CSDLDPT\data\balanced_raw\Cow\local_5-242492-A.wav
local_5-253085-A.wav,Cow,balanced7_existing,Cow,mixed-existing,D:\CSDLDPT\data\balanced_raw\Cow\local_5-253085-A.wav
local_5-253085-B.wav,Cow,balanced7_existing,Cow,mixed-existing,D:\CSDLDPT\data\balanced_raw\Cow\local_5-253085-B.wav
local_archivo (2).wav,Cow,balanced7_existing,Cow,mixed-existing,D:\CSDLDPT\data\balanced_raw\Cow\local_archivo (2).wav
local_archivo (4).wav,Cow,balanced7_existing,Cow,mixed-existing,D:\CSDLDPT\data\balanced_raw\Cow\local_archivo (4).wav
local_Cow_13.wav,Cow,balanced7_existing,Cow,mixed-existing,D:\CSDLDPT\data\balanced_raw\Cow\local_Cow_13.wav
local_Cow_18.wav,Cow,balanced7_existing,Cow,mixed-existing,D:\CSDLDPT\data\balanced_raw\Cow\local_Cow_18.wav
local_Cow_19.wav,Cow,balanced7_existing,Cow,mixed-existing,D:\CSDLDPT\data\balanced_raw\Cow\local_Cow_19.wav
local_Cow_20.wav,Cow,balanced7_existing,Cow,mixed-existing,D:\CSDLDPT\data\balanced_raw\Cow\local_Cow_20.wav
local_Cow_21.wav,Cow,balanced7_existing,Cow,mixed-existing,D:\CSDLDPT\data\balanced_raw\Cow\local_Cow_21.wav
local_Cow_24.wav,Cow,balanced7_existing,Cow,mixed-existing,D:\CSDLDPT\data\balanced_raw\Cow\local_Cow_24.wav
local_Cow_32.wav,Cow,balanced7_existing,Cow,mixed-existing,D:\CSDLDPT\data\balanced_raw\Cow\local_Cow_32.wav
local_Cow_33.wav,Cow,balanced7_existing,Cow,mixed-existing,D:\CSDLDPT\data\balanced_raw\Cow\local_Cow_33.wav
local_Cow_35.wav,Cow,balanced7_existing,Cow,mixed-existing,D:\CSDLDPT\data\balanced_raw\Cow\local_Cow_35.wav
local_Cow_36.wav,Cow,balanced7_existing,Cow,mixed-existing,D:\CSDLDPT\data\balanced_raw\Cow\local_Cow_36.wav
local_Cow_4.wav,Cow,balanced7_existing,Cow,mixed-existing,D:\CSDLDPT\data\balanced_raw\Cow\local_Cow_4.wav
local_Cow_40.wav,Cow,balanced7_existing,Cow,mixed-existing,D:\CSDLDPT\data\balanced_raw\Cow\local_Cow_40.wav
local_Cow_46.wav,Cow,balanced7_existing,Cow,mixed-existing,D:\CSDLDPT\data\balanced_raw\Cow\local_Cow_46.wav
local_Cow_48.wav,Cow,balanced7_existing,Cow,mixed-existing,D:\CSDLDPT\data\balanced_raw\Cow\local_Cow_48.wav
local_Cow_5.wav,Cow,balanced7_existing,Cow,mixed-existing,D:\CSDLDPT\data\balanced_raw\Cow\local_Cow_5.wav
local_Cow_50.wav,Cow,balanced7_existing,Cow,mixed-existing,D:\CSDLDPT\data\balanced_raw\Cow\local_Cow_50.wav
local_Cow_6.wav,Cow,balanced7_existing,Cow,mixed-existing,D:\CSDLDPT\data\balanced_raw\Cow\local_Cow_6.wav
local_Cow_7.wav,Cow,balanced7_existing,Cow,mixed-existing,D:\CSDLDPT\data\balanced_raw\Cow\local_Cow_7.wav
local_Cow_9.wav,Cow,balanced7_existing,Cow,mixed-existing,D:\CSDLDPT\data\balanced_raw\Cow\local_Cow_9.wav
local_esc50_cow_1-16568-A-3.wav,Cow,balanced7_existing,Cow,mixed-existing,D:\CSDLDPT\data\balanced_raw\Cow\local_esc50_cow_1-16568-A-3.wav
local_esc50_cow_1-202111-A-3.wav,Cow,balanced7_existing,Cow,mixed-existing,D:\CSDLDPT\data\balanced_raw\Cow\local_esc50_cow_1-202111-A-3.wav
local_esc50_cow_1-58277-A-3.wav,Cow,balanced7_existing,Cow,mixed-existing,D:\CSDLDPT\data\balanced_raw\Cow\local_esc50_cow_1-58277-A-3.wav
local_esc50_cow_1-69422-A-3.wav,Cow,balanced7_existing,Cow,mixed-existing,D:\CSDLDPT\data\balanced_raw\Cow\local_esc50_cow_1-69422-A-3.wav
local_esc50_cow_1-69641-A-3.wav,Cow,balanced7_existing,Cow,mixed-existing,D:\CSDLDPT\data\balanced_raw\Cow\local_esc50_cow_1-69641-A-3.wav
local_esc50_cow_1-77160-A-3.wav,Cow,balanced7_existing,Cow,mixed-existing,D:\CSDLDPT\data\balanced_raw\Cow\local_esc50_cow_1-77160-A-3.wav
local_esc50_cow_1-77241-A-3.wav,Cow,balanced7_existing,Cow,mixed-existing,D:\CSDLDPT\data\balanced_raw\Cow\local_esc50_cow_1-77241-A-3.wav
local_esc50_cow_1-81269-A-3.wav,Cow,balanced7_existing,Cow,mixed-existing,D:\CSDLDPT\data\balanced_raw\Cow\local_esc50_cow_1-81269-A-3.wav
local_esc50_cow_2-103423-A-3.wav,Cow,balanced7_existing,Cow,mixed-existing,D:\CSDLDPT\data\balanced_raw\Cow\local_esc50_cow_2-103423-A-3.wav
local_esc50_cow_2-103424-A-3.wav,Cow,balanced7_existing,Cow,mixed-existing,D:\CSDLDPT\data\balanced_raw\Cow\local_esc50_cow_2-103424-A-3.wav
local_esc50_cow_2-103426-A-3.wav,Cow,balanced7_existing,Cow,mixed-existing,D:\CSDLDPT\data\balanced_raw\Cow\local_esc50_cow_2-103426-A-3.wav
local_esc50_cow_2-103427-A-3.wav,Cow,balanced7_existing,Cow,mixed-existing,D:\CSDLDPT\data\balanced_raw\Cow\local_esc50_cow_2-103427-A-3.wav
local_esc50_cow_2-103428-A-3.wav,Cow,balanced7_existing,Cow,mixed-existing,D:\CSDLDPT\data\balanced_raw\Cow\local_esc50_cow_2-103428-A-3.wav
local_esc50_cow_2-104877-A-3.wav,Cow,balanced7_existing,Cow,mixed-existing,D:\CSDLDPT\data\balanced_raw\Cow\local_esc50_cow_2-104877-A-3.wav
local_esc50_cow_2-117795-A-3.wav,Cow,balanced7_existing,Cow,mixed-existing,D:\CSDLDPT\data\balanced_raw\Cow\local_esc50_cow_2-117795-A-3.wav
local_esc50_cow_2-117795-B-3.wav,Cow,balanced7_existing,Cow,mixed-existing,D:\CSDLDPT\data\balanced_raw\Cow\local_esc50_cow_2-117795-B-3.wav
local_esc50_cow_3-124376-A-3.wav,Cow,balanced7_existing,Cow,mixed-existing,D:\CSDLDPT\data\balanced_raw\Cow\local_esc50_cow_3-124376-A-3.wav
local_esc50_cow_3-124376-B-3.wav,Cow,balanced7_existing,Cow,mixed-existing,D:\CSDLDPT\data\balanced_raw\Cow\local_esc50_cow_3-124376-B-3.wav
local_esc50_cow_3-126358-A-3.wav,Cow,balanced7_existing,Cow,mixed-existing,D:\CSDLDPT\data\balanced_raw\Cow\local_esc50_cow_3-126358-A-3.wav
local_esc50_cow_3-126358-B-3.wav,Cow,balanced7_existing,Cow,mixed-existing,D:\CSDLDPT\data\balanced_raw\Cow\local_esc50_cow_3-126358-B-3.wav
local_esc50_cow_3-152039-A-3.wav,Cow,balanced7_existing,Cow,mixed-existing,D:\CSDLDPT\data\balanced_raw\Cow\local_esc50_cow_3-152039-A-3.wav
local_esc50_cow_3-152039-B-3.wav,Cow,balanced7_existing,Cow,mixed-existing,D:\CSDLDPT\data\balanced_raw\Cow\local_esc50_cow_3-152039-B-3.wav
local_esc50_cow_3-160993-A-3.wav,Cow,balanced7_existing,Cow,mixed-existing,D:\CSDLDPT\data\balanced_raw\Cow\local_esc50_cow_3-160993-A-3.wav
local_esc50_cow_3-163727-A-3.wav,Cow,balanced7_existing,Cow,mixed-existing,D:\CSDLDPT\data\balanced_raw\Cow\local_esc50_cow_3-163727-A-3.wav
local_esc50_cow_4-174860-A-3.wav,Cow,balanced7_existing,Cow,mixed-existing,D:\CSDLDPT\data\balanced_raw\Cow\local_esc50_cow_4-174860-A-3.wav
local_esc50_cow_4-174860-B-3.wav,Cow,balanced7_existing,Cow,mixed-existing,D:\CSDLDPT\data\balanced_raw\Cow\local_esc50_cow_4-174860-B-3.wav
local_esc50_cow_4-181955-A-3.wav,Cow,balanced7_existing,Cow,mixed-existing,D:\CSDLDPT\data\balanced_raw\Cow\local_esc50_cow_4-181955-A-3.wav
local_esc50_cow_4-181955-B-3.wav,Cow,balanced7_existing,Cow,mixed-existing,D:\CSDLDPT\data\balanced_raw\Cow\local_esc50_cow_4-181955-B-3.wav
local_esc50_cow_4-181955-C-3.wav,Cow,balanced7_existing,Cow,mixed-existing,D:\CSDLDPT\data\balanced_raw\Cow\local_esc50_cow_4-181955-C-3.wav
local_esc50_cow_4-213915-A-3.wav,Cow,balanced7_existing,Cow,mixed-existing,D:\CSDLDPT\data\balanced_raw\Cow\local_esc50_cow_4-213915-A-3.wav
local_esc50_cow_4-213915-B-3.wav,Cow,balanced7_existing,Cow,mixed-existing,D:\CSDLDPT\data\balanced_raw\Cow\local_esc50_cow_4-213915-B-3.wav
local_esc50_cow_4-213915-C-3.wav,Cow,balanced7_existing,Cow,mixed-existing,D:\CSDLDPT\data\balanced_raw\Cow\local_esc50_cow_4-213915-C-3.wav
local_esc50_cow_5-194899-A-3.wav,Cow,balanced7_existing,Cow,mixed-existing,D:\CSDLDPT\data\balanced_raw\Cow\local_esc50_cow_5-194899-A-3.wav
local_esc50_cow_5-194899-B-3.wav,Cow,balanced7_existing,Cow,mixed-existing,D:\CSDLDPT\data\balanced_raw\Cow\local_esc50_cow_5-194899-B-3.wav
local_esc50_cow_5-194899-C-3.wav,Cow,balanced7_existing,Cow,mixed-existing,D:\CSDLDPT\data\balanced_raw\Cow\local_esc50_cow_5-194899-C-3.wav
local_esc50_cow_5-194899-D-3.wav,Cow,balanced7_existing,Cow,mixed-existing,D:\CSDLDPT\data\balanced_raw\Cow\local_esc50_cow_5-194899-D-3.wav
local_esc50_cow_5-202795-A-3.wav,Cow,balanced7_existing,Cow,mixed-existing,D:\CSDLDPT\data\balanced_raw\Cow\local_esc50_cow_5-202795-A-3.wav
local_esc50_cow_5-242492-A-3.wav,Cow,balanced7_existing,Cow,mixed-existing,D:\CSDLDPT\data\balanced_raw\Cow\local_esc50_cow_5-242492-A-3.wav
local_esc50_cow_5-253085-A-3.wav,Cow,balanced7_existing,Cow,mixed-existing,D:\CSDLDPT\data\balanced_raw\Cow\local_esc50_cow_5-253085-A-3.wav
local_esc50_cow_5-253085-B-3.wav,Cow,balanced7_existing,Cow,mixed-existing,D:\CSDLDPT\data\balanced_raw\Cow\local_esc50_cow_5-253085-B-3.wav
local_inek_11.wav,Cow,balanced7_existing,Cow,mixed-existing,D:\CSDLDPT\data\balanced_raw\Cow\local_inek_11.wav
local_inek_14.wav,Cow,balanced7_existing,Cow,mixed-existing,D:\CSDLDPT\data\balanced_raw\Cow\local_inek_14.wav
local_inek_17.wav,Cow,balanced7_existing,Cow,mixed-existing,D:\CSDLDPT\data\balanced_raw\Cow\local_inek_17.wav
local_inek_23.wav,Cow,balanced7_existing,Cow,mixed-existing,D:\CSDLDPT\data\balanced_raw\Cow\local_inek_23.wav
local_inek_25.wav,Cow,balanced7_existing,Cow,mixed-existing,D:\CSDLDPT\data\balanced_raw\Cow\local_inek_25.wav
local_inek_26.wav,Cow,balanced7_existing,Cow,mixed-existing,D:\CSDLDPT\data\balanced_raw\Cow\local_inek_26.wav
local_inek_28.wav,Cow,balanced7_existing,Cow,mixed-existing,D:\CSDLDPT\data\balanced_raw\Cow\local_inek_28.wav
local_inek_29.wav,Cow,balanced7_existing,Cow,mixed-existing,D:\CSDLDPT\data\balanced_raw\Cow\local_inek_29.wav
local_inek_31.wav,Cow,balanced7_existing,Cow,mixed-existing,D:\CSDLDPT\data\balanced_raw\Cow\local_inek_31.wav
local_inek_32.wav,Cow,balanced7_existing,Cow,mixed-existing,D:\CSDLDPT\data\balanced_raw\Cow\local_inek_32.wav
local_inek_33.wav,Cow,balanced7_existing,Cow,mixed-existing,D:\CSDLDPT\data\balanced_raw\Cow\local_inek_33.wav
local_inek_4.wav,Cow,balanced7_existing,Cow,mixed-existing,D:\CSDLDPT\data\balanced_raw\Cow\local_inek_4.wav
local_inek_40.wav,Cow,balanced7_existing,Cow,mixed-existing,D:\CSDLDPT\data\balanced_raw\Cow\local_inek_40.wav
local_inek_41.wav,Cow,balanced7_existing,Cow,mixed-existing,D:\CSDLDPT\data\balanced_raw\Cow\local_inek_41.wav
local_inek_43.wav,Cow,balanced7_existing,Cow,mixed-existing,D:\CSDLDPT\data\balanced_raw\Cow\local_inek_43.wav
local_inek_5.wav,Cow,balanced7_existing,Cow,mixed-existing,D:\CSDLDPT\data\balanced_raw\Cow\local_inek_5.wav
local_inek_50.wav,Cow,balanced7_existing,Cow,mixed-existing,D:\CSDLDPT\data\balanced_raw\Cow\local_inek_50.wav
local_inek_54.wav,Cow,balanced7_existing,Cow,mixed-existing,D:\CSDLDPT\data\balanced_raw\Cow\local_inek_54.wav
local_inek_8.wav,Cow,balanced7_existing,Cow,mixed-existing,D:\CSDLDPT\data\balanced_raw\Cow\local_inek_8.wav
dynamicsuperb_frog_audio291.wav,Frog,balanced7_existing,Frog,mixed-existing,D:\CSDLDPT\data\balanced_raw\Frog\dynamicsuperb_frog_audio291.wav
dynamicsuperb_frog_audio292.wav,Frog,balanced7_existing,Frog,mixed-existing,D:\CSDLDPT\data\balanced_raw\Frog\dynamicsuperb_frog_audio292.wav
dynamicsuperb_frog_audio293.wav,Frog,balanced7_existing,Frog,mixed-existing,D:\CSDLDPT\data\balanced_raw\Frog\dynamicsuperb_frog_audio293.wav
local_1-15689-A.wav,Frog,balanced7_existing,Frog,mixed-existing,D:\CSDLDPT\data\balanced_raw\Frog\local_1-15689-A.wav
local_1-15689-B.wav,Frog,balanced7_existing,Frog,mixed-existing,D:\CSDLDPT\data\balanced_raw\Frog\local_1-15689-B.wav
local_1-17970-A.wav,Frog,balanced7_existing,Frog,mixed-existing,D:\CSDLDPT\data\balanced_raw\Frog\local_1-17970-A.wav
local_1-18755-A.wav,Frog,balanced7_existing,Frog,mixed-existing,D:\CSDLDPT\data\balanced_raw\Frog\local_1-18755-A.wav
local_1-18755-B.wav,Frog,balanced7_existing,Frog,mixed-existing,D:\CSDLDPT\data\balanced_raw\Frog\local_1-18755-B.wav
local_1-18757-A.wav,Frog,balanced7_existing,Frog,mixed-existing,D:\CSDLDPT\data\balanced_raw\Frog\local_1-18757-A.wav
local_1-31836-A.wav,Frog,balanced7_existing,Frog,mixed-existing,D:\CSDLDPT\data\balanced_raw\Frog\local_1-31836-A.wav
local_1-31836-B.wav,Frog,balanced7_existing,Frog,mixed-existing,D:\CSDLDPT\data\balanced_raw\Frog\local_1-31836-B.wav
local_2-32515-A.wav,Frog,balanced7_existing,Frog,mixed-existing,D:\CSDLDPT\data\balanced_raw\Frog\local_2-32515-A.wav
local_2-32515-B.wav,Frog,balanced7_existing,Frog,mixed-existing,D:\CSDLDPT\data\balanced_raw\Frog\local_2-32515-B.wav
local_2-32515-C.wav,Frog,balanced7_existing,Frog,mixed-existing,D:\CSDLDPT\data\balanced_raw\Frog\local_2-32515-C.wav
local_2-32515-D.wav,Frog,balanced7_existing,Frog,mixed-existing,D:\CSDLDPT\data\balanced_raw\Frog\local_2-32515-D.wav
local_2-32834-A.wav,Frog,balanced7_existing,Frog,mixed-existing,D:\CSDLDPT\data\balanced_raw\Frog\local_2-32834-A.wav
local_2-52085-A.wav,Frog,balanced7_existing,Frog,mixed-existing,D:\CSDLDPT\data\balanced_raw\Frog\local_2-52085-A.wav
local_2-52085-B.wav,Frog,balanced7_existing,Frog,mixed-existing,D:\CSDLDPT\data\balanced_raw\Frog\local_2-52085-B.wav
local_2-52789-A.wav,Frog,balanced7_existing,Frog,mixed-existing,D:\CSDLDPT\data\balanced_raw\Frog\local_2-52789-A.wav
local_3-102908-A.wav,Frog,balanced7_existing,Frog,mixed-existing,D:\CSDLDPT\data\balanced_raw\Frog\local_3-102908-A.wav
local_3-70962-A.wav,Frog,balanced7_existing,Frog,mixed-existing,D:\CSDLDPT\data\balanced_raw\Frog\local_3-70962-A.wav
local_3-70962-B.wav,Frog,balanced7_existing,Frog,mixed-existing,D:\CSDLDPT\data\balanced_raw\Frog\local_3-70962-B.wav
local_3-70962-C.wav,Frog,balanced7_existing,Frog,mixed-existing,D:\CSDLDPT\data\balanced_raw\Frog\local_3-70962-C.wav
local_3-71964-A.wav,Frog,balanced7_existing,Frog,mixed-existing,D:\CSDLDPT\data\balanced_raw\Frog\local_3-71964-A.wav
local_3-71964-B.wav,Frog,balanced7_existing,Frog,mixed-existing,D:\CSDLDPT\data\balanced_raw\Frog\local_3-71964-B.wav
local_3-71964-C.wav,Frog,balanced7_existing,Frog,mixed-existing,D:\CSDLDPT\data\balanced_raw\Frog\local_3-71964-C.wav
local_3-83527-A.wav,Frog,balanced7_existing,Frog,mixed-existing,D:\CSDLDPT\data\balanced_raw\Frog\local_3-83527-A.wav
local_4-130584-A.wav,Frog,balanced7_existing,Frog,mixed-existing,D:\CSDLDPT\data\balanced_raw\Frog\local_4-130584-A.wav
local_4-154793-A.wav,Frog,balanced7_existing,Frog,mixed-existing,D:\CSDLDPT\data\balanced_raw\Frog\local_4-154793-A.wav
local_4-99193-A.wav,Frog,balanced7_existing,Frog,mixed-existing,D:\CSDLDPT\data\balanced_raw\Frog\local_4-99193-A.wav
local_4-99193-B.wav,Frog,balanced7_existing,Frog,mixed-existing,D:\CSDLDPT\data\balanced_raw\Frog\local_4-99193-B.wav
local_4-99644-A.wav,Frog,balanced7_existing,Frog,mixed-existing,D:\CSDLDPT\data\balanced_raw\Frog\local_4-99644-A.wav
local_4-99644-B.wav,Frog,balanced7_existing,Frog,mixed-existing,D:\CSDLDPT\data\balanced_raw\Frog\local_4-99644-B.wav
local_4-99644-C.wav,Frog,balanced7_existing,Frog,mixed-existing,D:\CSDLDPT\data\balanced_raw\Frog\local_4-99644-C.wav
local_4-99644-D.wav,Frog,balanced7_existing,Frog,mixed-existing,D:\CSDLDPT\data\balanced_raw\Frog\local_4-99644-D.wav
local_5-156026-A.wav,Frog,balanced7_existing,Frog,mixed-existing,D:\CSDLDPT\data\balanced_raw\Frog\local_5-156026-A.wav
local_5-156026-B.wav,Frog,balanced7_existing,Frog,mixed-existing,D:\CSDLDPT\data\balanced_raw\Frog\local_5-156026-B.wav
local_5-156026-C.wav,Frog,balanced7_existing,Frog,mixed-existing,D:\CSDLDPT\data\balanced_raw\Frog\local_5-156026-C.wav
local_5-156026-D.wav,Frog,balanced7_existing,Frog,mixed-existing,D:\CSDLDPT\data\balanced_raw\Frog\local_5-156026-D.wav
local_5-187201-A.wav,Frog,balanced7_existing,Frog,mixed-existing,D:\CSDLDPT\data\balanced_raw\Frog\local_5-187201-A.wav
local_5-187201-B.wav,Frog,balanced7_existing,Frog,mixed-existing,D:\CSDLDPT\data\balanced_raw\Frog\local_5-187201-B.wav
local_5-189795-A.wav,Frog,balanced7_existing,Frog,mixed-existing,D:\CSDLDPT\data\balanced_raw\Frog\local_5-189795-A.wav
local_5-237499-A.wav,Frog,balanced7_existing,Frog,mixed-existing,D:\CSDLDPT\data\balanced_raw\Frog\local_5-237499-A.wav
local_esc50_frog_1-15689-A-4.wav,Frog,balanced7_existing,Frog,mixed-existing,D:\CSDLDPT\data\balanced_raw\Frog\local_esc50_frog_1-15689-A-4.wav
local_esc50_frog_1-15689-B-4.wav,Frog,balanced7_existing,Frog,mixed-existing,D:\CSDLDPT\data\balanced_raw\Frog\local_esc50_frog_1-15689-B-4.wav
local_esc50_frog_1-17970-A-4.wav,Frog,balanced7_existing,Frog,mixed-existing,D:\CSDLDPT\data\balanced_raw\Frog\local_esc50_frog_1-17970-A-4.wav
local_esc50_frog_1-18755-A-4.wav,Frog,balanced7_existing,Frog,mixed-existing,D:\CSDLDPT\data\balanced_raw\Frog\local_esc50_frog_1-18755-A-4.wav
local_esc50_frog_1-18755-B-4.wav,Frog,balanced7_existing,Frog,mixed-existing,D:\CSDLDPT\data\balanced_raw\Frog\local_esc50_frog_1-18755-B-4.wav
local_esc50_frog_1-18757-A-4.wav,Frog,balanced7_existing,Frog,mixed-existing,D:\CSDLDPT\data\balanced_raw\Frog\local_esc50_frog_1-18757-A-4.wav
local_esc50_frog_1-31836-A-4.wav,Frog,balanced7_existing,Frog,mixed-existing,D:\CSDLDPT\data\balanced_raw\Frog\local_esc50_frog_1-31836-A-4.wav
local_esc50_frog_1-31836-B-4.wav,Frog,balanced7_existing,Frog,mixed-existing,D:\CSDLDPT\data\balanced_raw\Frog\local_esc50_frog_1-31836-B-4.wav
local_esc50_frog_2-32515-A-4.wav,Frog,balanced7_existing,Frog,mixed-existing,D:\CSDLDPT\data\balanced_raw\Frog\local_esc50_frog_2-32515-A-4.wav
local_esc50_frog_2-32515-B-4.wav,Frog,balanced7_existing,Frog,mixed-existing,D:\CSDLDPT\data\balanced_raw\Frog\local_esc50_frog_2-32515-B-4.wav
local_esc50_frog_2-32515-C-4.wav,Frog,balanced7_existing,Frog,mixed-existing,D:\CSDLDPT\data\balanced_raw\Frog\local_esc50_frog_2-32515-C-4.wav
local_esc50_frog_2-32515-D-4.wav,Frog,balanced7_existing,Frog,mixed-existing,D:\CSDLDPT\data\balanced_raw\Frog\local_esc50_frog_2-32515-D-4.wav
local_esc50_frog_2-32834-A-4.wav,Frog,balanced7_existing,Frog,mixed-existing,D:\CSDLDPT\data\balanced_raw\Frog\local_esc50_frog_2-32834-A-4.wav
local_esc50_frog_2-52085-A-4.wav,Frog,balanced7_existing,Frog,mixed-existing,D:\CSDLDPT\data\balanced_raw\Frog\local_esc50_frog_2-52085-A-4.wav
local_esc50_frog_2-52085-B-4.wav,Frog,balanced7_existing,Frog,mixed-existing,D:\CSDLDPT\data\balanced_raw\Frog\local_esc50_frog_2-52085-B-4.wav
local_esc50_frog_2-52789-A-4.wav,Frog,balanced7_existing,Frog,mixed-existing,D:\CSDLDPT\data\balanced_raw\Frog\local_esc50_frog_2-52789-A-4.wav
local_esc50_frog_3-102908-A-4.wav,Frog,balanced7_existing,Frog,mixed-existing,D:\CSDLDPT\data\balanced_raw\Frog\local_esc50_frog_3-102908-A-4.wav
local_esc50_frog_3-70962-A-4.wav,Frog,balanced7_existing,Frog,mixed-existing,D:\CSDLDPT\data\balanced_raw\Frog\local_esc50_frog_3-70962-A-4.wav
local_esc50_frog_3-70962-B-4.wav,Frog,balanced7_existing,Frog,mixed-existing,D:\CSDLDPT\data\balanced_raw\Frog\local_esc50_frog_3-70962-B-4.wav
local_esc50_frog_3-70962-C-4.wav,Frog,balanced7_existing,Frog,mixed-existing,D:\CSDLDPT\data\balanced_raw\Frog\local_esc50_frog_3-70962-C-4.wav
local_esc50_frog_3-71964-A-4.wav,Frog,balanced7_existing,Frog,mixed-existing,D:\CSDLDPT\data\balanced_raw\Frog\local_esc50_frog_3-71964-A-4.wav
local_esc50_frog_3-71964-B-4.wav,Frog,balanced7_existing,Frog,mixed-existing,D:\CSDLDPT\data\balanced_raw\Frog\local_esc50_frog_3-71964-B-4.wav
local_esc50_frog_3-71964-C-4.wav,Frog,balanced7_existing,Frog,mixed-existing,D:\CSDLDPT\data\balanced_raw\Frog\local_esc50_frog_3-71964-C-4.wav
local_esc50_frog_3-83527-A-4.wav,Frog,balanced7_existing,Frog,mixed-existing,D:\CSDLDPT\data\balanced_raw\Frog\local_esc50_frog_3-83527-A-4.wav
local_esc50_frog_4-130584-A-4.wav,Frog,balanced7_existing,Frog,mixed-existing,D:\CSDLDPT\data\balanced_raw\Frog\local_esc50_frog_4-130584-A-4.wav
local_esc50_frog_4-154793-A-4.wav,Frog,balanced7_existing,Frog,mixed-existing,D:\CSDLDPT\data\balanced_raw\Frog\local_esc50_frog_4-154793-A-4.wav
local_esc50_frog_4-99193-A-4.wav,Frog,balanced7_existing,Frog,mixed-existing,D:\CSDLDPT\data\balanced_raw\Frog\local_esc50_frog_4-99193-A-4.wav
local_esc50_frog_4-99193-B-4.wav,Frog,balanced7_existing,Frog,mixed-existing,D:\CSDLDPT\data\balanced_raw\Frog\local_esc50_frog_4-99193-B-4.wav
local_esc50_frog_4-99644-A-4.wav,Frog,balanced7_existing,Frog,mixed-existing,D:\CSDLDPT\data\balanced_raw\Frog\local_esc50_frog_4-99644-A-4.wav
local_esc50_frog_4-99644-B-4.wav,Frog,balanced7_existing,Frog,mixed-existing,D:\CSDLDPT\data\balanced_raw\Frog\local_esc50_frog_4-99644-B-4.wav
local_esc50_frog_4-99644-C-4.wav,Frog,balanced7_existing,Frog,mixed-existing,D:\CSDLDPT\data\balanced_raw\Frog\local_esc50_frog_4-99644-C-4.wav
local_esc50_frog_4-99644-D-4.wav,Frog,balanced7_existing,Frog,mixed-existing,D:\CSDLDPT\data\balanced_raw\Frog\local_esc50_frog_4-99644-D-4.wav
local_esc50_frog_5-156026-A-4.wav,Frog,balanced7_existing,Frog,mixed-existing,D:\CSDLDPT\data\balanced_raw\Frog\local_esc50_frog_5-156026-A-4.wav
local_esc50_frog_5-156026-B-4.wav,Frog,balanced7_existing,Frog,mixed-existing,D:\CSDLDPT\data\balanced_raw\Frog\local_esc50_frog_5-156026-B-4.wav
local_esc50_frog_5-156026-C-4.wav,Frog,balanced7_existing,Frog,mixed-existing,D:\CSDLDPT\data\balanced_raw\Frog\local_esc50_frog_5-156026-C-4.wav
local_esc50_frog_5-156026-D-4.wav,Frog,balanced7_existing,Frog,mixed-existing,D:\CSDLDPT\data\balanced_raw\Frog\local_esc50_frog_5-156026-D-4.wav
local_esc50_frog_5-187201-A-4.wav,Frog,balanced7_existing,Frog,mixed-existing,D:\CSDLDPT\data\balanced_raw\Frog\local_esc50_frog_5-187201-A-4.wav
local_esc50_frog_5-187201-B-4.wav,Frog,balanced7_existing,Frog,mixed-existing,D:\CSDLDPT\data\balanced_raw\Frog\local_esc50_frog_5-187201-B-4.wav
local_esc50_frog_5-189795-A-4.wav,Frog,balanced7_existing,Frog,mixed-existing,D:\CSDLDPT\data\balanced_raw\Frog\local_esc50_frog_5-189795-A-4.wav
local_esc50_frog_5-237499-A-4.wav,Frog,balanced7_existing,Frog,mixed-existing,D:\CSDLDPT\data\balanced_raw\Frog\local_esc50_frog_5-237499-A-4.wav
local_Frog_14.wav,Frog,balanced7_existing,Frog,mixed-existing,D:\CSDLDPT\data\balanced_raw\Frog\local_Frog_14.wav
local_Frog_15.wav,Frog,balanced7_existing,Frog,mixed-existing,D:\CSDLDPT\data\balanced_raw\Frog\local_Frog_15.wav
local_Frog_16.wav,Frog,balanced7_existing,Frog,mixed-existing,D:\CSDLDPT\data\balanced_raw\Frog\local_Frog_16.wav
local_Frog_17.wav,Frog,balanced7_existing,Frog,mixed-existing,D:\CSDLDPT\data\balanced_raw\Frog\local_Frog_17.wav
local_Frog_18.wav,Frog,balanced7_existing,Frog,mixed-existing,D:\CSDLDPT\data\balanced_raw\Frog\local_Frog_18.wav
local_Frog_2.wav,Frog,balanced7_existing,Frog,mixed-existing,D:\CSDLDPT\data\balanced_raw\Frog\local_Frog_2.wav
local_Frog_23.wav,Frog,balanced7_existing,Frog,mixed-existing,D:\CSDLDPT\data\balanced_raw\Frog\local_Frog_23.wav
local_Frog_24.wav,Frog,balanced7_existing,Frog,mixed-existing,D:\CSDLDPT\data\balanced_raw\Frog\local_Frog_24.wav
local_Frog_26.wav,Frog,balanced7_existing,Frog,mixed-existing,D:\CSDLDPT\data\balanced_raw\Frog\local_Frog_26.wav
local_Frog_27.wav,Frog,balanced7_existing,Frog,mixed-existing,D:\CSDLDPT\data\balanced_raw\Frog\local_Frog_27.wav
local_Frog_28.wav,Frog,balanced7_existing,Frog,mixed-existing,D:\CSDLDPT\data\balanced_raw\Frog\local_Frog_28.wav
local_Frog_29.wav,Frog,balanced7_existing,Frog,mixed-existing,D:\CSDLDPT\data\balanced_raw\Frog\local_Frog_29.wav
local_Frog_3.wav,Frog,balanced7_existing,Frog,mixed-existing,D:\CSDLDPT\data\balanced_raw\Frog\local_Frog_3.wav
local_Frog_30.wav,Frog,balanced7_existing,Frog,mixed-existing,D:\CSDLDPT\data\balanced_raw\Frog\local_Frog_30.wav
local_Frog_32.wav,Frog,balanced7_existing,Frog,mixed-existing,D:\CSDLDPT\data\balanced_raw\Frog\local_Frog_32.wav
local_Frog_33.wav,Frog,balanced7_existing,Frog,mixed-existing,D:\CSDLDPT\data\balanced_raw\Frog\local_Frog_33.wav
local_Frog_4.wav,Frog,balanced7_existing,Frog,mixed-existing,D:\CSDLDPT\data\balanced_raw\Frog\local_Frog_4.wav
local_Frog_40.wav,Frog,balanced7_existing,Frog,mixed-existing,D:\CSDLDPT\data\balanced_raw\Frog\local_Frog_40.wav
local_Frog_42.wav,Frog,balanced7_existing,Frog,mixed-existing,D:\CSDLDPT\data\balanced_raw\Frog\local_Frog_42.wav
local_Frog_43.wav,Frog,balanced7_existing,Frog,mixed-existing,D:\CSDLDPT\data\balanced_raw\Frog\local_Frog_43.wav
local_Frog_44.wav,Frog,balanced7_existing,Frog,mixed-existing,D:\CSDLDPT\data\balanced_raw\Frog\local_Frog_44.wav
local_Frog_45.wav,Frog,balanced7_existing,Frog,mixed-existing,D:\CSDLDPT\data\balanced_raw\Frog\local_Frog_45.wav
local_Frog_46.wav,Frog,balanced7_existing,Frog,mixed-existing,D:\CSDLDPT\data\balanced_raw\Frog\local_Frog_46.wav
local_Frog_5.wav,Frog,balanced7_existing,Frog,mixed-existing,D:\CSDLDPT\data\balanced_raw\Frog\local_Frog_5.wav
local_Frog_50.wav,Frog,balanced7_existing,Frog,mixed-existing,D:\CSDLDPT\data\balanced_raw\Frog\local_Frog_50.wav
local_kurbaga_10.wav,Frog,balanced7_existing,Frog,mixed-existing,D:\CSDLDPT\data\balanced_raw\Frog\local_kurbaga_10.wav
local_kurbaga_11.wav,Frog,balanced7_existing,Frog,mixed-existing,D:\CSDLDPT\data\balanced_raw\Frog\local_kurbaga_11.wav
local_kurbaga_12.wav,Frog,balanced7_existing,Frog,mixed-existing,D:\CSDLDPT\data\balanced_raw\Frog\local_kurbaga_12.wav
local_kurbaga_13.wav,Frog,balanced7_existing,Frog,mixed-existing,D:\CSDLDPT\data\balanced_raw\Frog\local_kurbaga_13.wav
local_kurbaga_20.wav,Frog,balanced7_existing,Frog,mixed-existing,D:\CSDLDPT\data\balanced_raw\Frog\local_kurbaga_20.wav
local_kurbaga_22.wav,Frog,balanced7_existing,Frog,mixed-existing,D:\CSDLDPT\data\balanced_raw\Frog\local_kurbaga_22.wav
local_kurbaga_23.wav,Frog,balanced7_existing,Frog,mixed-existing,D:\CSDLDPT\data\balanced_raw\Frog\local_kurbaga_23.wav
local_kurbaga_28.wav,Frog,balanced7_existing,Frog,mixed-existing,D:\CSDLDPT\data\balanced_raw\Frog\local_kurbaga_28.wav
local_kurbaga_3.wav,Frog,balanced7_existing,Frog,mixed-existing,D:\CSDLDPT\data\balanced_raw\Frog\local_kurbaga_3.wav
local_kurbaga_30.wav,Frog,balanced7_existing,Frog,mixed-existing,D:\CSDLDPT\data\balanced_raw\Frog\local_kurbaga_30.wav
local_kurbaga_34.wav,Frog,balanced7_existing,Frog,mixed-existing,D:\CSDLDPT\data\balanced_raw\Frog\local_kurbaga_34.wav
local_kurbaga_35.wav,Frog,balanced7_existing,Frog,mixed-existing,D:\CSDLDPT\data\balanced_raw\Frog\local_kurbaga_35.wav
dynamicsuperb_private_sheep_1-121951-A-8.wav,Sheep,balanced7_existing,Sheep,mixed-existing,D:\CSDLDPT\data\balanced_raw\Sheep\dynamicsuperb_private_sheep_1-121951-A-8.wav
dynamicsuperb_private_sheep_1-49409-A-8.wav,Sheep,balanced7_existing,Sheep,mixed-existing,D:\CSDLDPT\data\balanced_raw\Sheep\dynamicsuperb_private_sheep_1-49409-A-8.wav
dynamicsuperb_private_sheep_1-88574-A-8.wav,Sheep,balanced7_existing,Sheep,mixed-existing,D:\CSDLDPT\data\balanced_raw\Sheep\dynamicsuperb_private_sheep_1-88574-A-8.wav
dynamicsuperb_private_sheep_2-110614-B-8.wav,Sheep,balanced7_existing,Sheep,mixed-existing,D:\CSDLDPT\data\balanced_raw\Sheep\dynamicsuperb_private_sheep_2-110614-B-8.wav
dynamicsuperb_private_sheep_2-119161-B-8.wav,Sheep,balanced7_existing,Sheep,mixed-existing,D:\CSDLDPT\data\balanced_raw\Sheep\dynamicsuperb_private_sheep_2-119161-B-8.wav
dynamicsuperb_private_sheep_2-182508-B-8.wav,Sheep,balanced7_existing,Sheep,mixed-existing,D:\CSDLDPT\data\balanced_raw\Sheep\dynamicsuperb_private_sheep_2-182508-B-8.wav
dynamicsuperb_private_sheep_2-196688-A-8.wav,Sheep,balanced7_existing,Sheep,mixed-existing,D:\CSDLDPT\data\balanced_raw\Sheep\dynamicsuperb_private_sheep_2-196688-A-8.wav
dynamicsuperb_private_sheep_3-140199-A-8.wav,Sheep,balanced7_existing,Sheep,mixed-existing,D:\CSDLDPT\data\balanced_raw\Sheep\dynamicsuperb_private_sheep_3-140199-A-8.wav
dynamicsuperb_private_sheep_3-140199-B-8.wav,Sheep,balanced7_existing,Sheep,mixed-existing,D:\CSDLDPT\data\balanced_raw\Sheep\dynamicsuperb_private_sheep_3-140199-B-8.wav
dynamicsuperb_private_sheep_3-197408-C-8.wav,Sheep,balanced7_existing,Sheep,mixed-existing,D:\CSDLDPT\data\balanced_raw\Sheep\dynamicsuperb_private_sheep_3-197408-C-8.wav
dynamicsuperb_private_sheep_3-20861-A-8.wav,Sheep,balanced7_existing,Sheep,mixed-existing,D:\CSDLDPT\data\balanced_raw\Sheep\dynamicsuperb_private_sheep_3-20861-A-8.wav
dynamicsuperb_private_sheep_4-188703-A-8.wav,Sheep,balanced7_existing,Sheep,mixed-existing,D:\CSDLDPT\data\balanced_raw\Sheep\dynamicsuperb_private_sheep_4-188703-A-8.wav
dynamicsuperb_private_sheep_4-188703-B-8.wav,Sheep,balanced7_existing,Sheep,mixed-existing,D:\CSDLDPT\data\balanced_raw\Sheep\dynamicsuperb_private_sheep_4-188703-B-8.wav
dynamicsuperb_private_sheep_4-188703-C-8.wav,Sheep,balanced7_existing,Sheep,mixed-existing,D:\CSDLDPT\data\balanced_raw\Sheep\dynamicsuperb_private_sheep_4-188703-C-8.wav
dynamicsuperb_private_sheep_4-188703-D-8.wav,Sheep,balanced7_existing,Sheep,mixed-existing,D:\CSDLDPT\data\balanced_raw\Sheep\dynamicsuperb_private_sheep_4-188703-D-8.wav
dynamicsuperb_private_sheep_4-196672-A-8.wav,Sheep,balanced7_existing,Sheep,mixed-existing,D:\CSDLDPT\data\balanced_raw\Sheep\dynamicsuperb_private_sheep_4-196672-A-8.wav
dynamicsuperb_private_sheep_5-198891-A-8.wav,Sheep,balanced7_existing,Sheep,mixed-existing,D:\CSDLDPT\data\balanced_raw\Sheep\dynamicsuperb_private_sheep_5-198891-A-8.wav
dynamicsuperb_private_sheep_5-198891-B-8.wav,Sheep,balanced7_existing,Sheep,mixed-existing,D:\CSDLDPT\data\balanced_raw\Sheep\dynamicsuperb_private_sheep_5-198891-B-8.wav
dynamicsuperb_private_sheep_5-198891-C-8.wav,Sheep,balanced7_existing,Sheep,mixed-existing,D:\CSDLDPT\data\balanced_raw\Sheep\dynamicsuperb_private_sheep_5-198891-C-8.wav
dynamicsuperb_private_sheep_5-198891-D-8.wav,Sheep,balanced7_existing,Sheep,mixed-existing,D:\CSDLDPT\data\balanced_raw\Sheep\dynamicsuperb_private_sheep_5-198891-D-8.wav
dynamicsuperb_private_sheep_5-200329-C-8.wav,Sheep,balanced7_existing,Sheep,mixed-existing,D:\CSDLDPT\data\balanced_raw\Sheep\dynamicsuperb_private_sheep_5-200329-C-8.wav
dynamicsuperb_private_sheep_5-61635-A-8.wav,Sheep,balanced7_existing,Sheep,mixed-existing,D:\CSDLDPT\data\balanced_raw\Sheep\dynamicsuperb_private_sheep_5-61635-A-8.wav
dynamicsuperb_sheep_audio251.wav,Sheep,balanced7_existing,Sheep,mixed-existing,D:\CSDLDPT\data\balanced_raw\Sheep\dynamicsuperb_sheep_audio251.wav
dynamicsuperb_sheep_audio252.wav,Sheep,balanced7_existing,Sheep,mixed-existing,D:\CSDLDPT\data\balanced_raw\Sheep\dynamicsuperb_sheep_audio252.wav
dynamicsuperb_sheep_audio253.wav,Sheep,balanced7_existing,Sheep,mixed-existing,D:\CSDLDPT\data\balanced_raw\Sheep\dynamicsuperb_sheep_audio253.wav
dynamicsuperb_sheep_audio254.wav,Sheep,balanced7_existing,Sheep,mixed-existing,D:\CSDLDPT\data\balanced_raw\Sheep\dynamicsuperb_sheep_audio254.wav
dynamicsuperb_sheep_audio255.wav,Sheep,balanced7_existing,Sheep,mixed-existing,D:\CSDLDPT\data\balanced_raw\Sheep\dynamicsuperb_sheep_audio255.wav
dynamicsuperb_sheep_audio256.wav,Sheep,balanced7_existing,Sheep,mixed-existing,D:\CSDLDPT\data\balanced_raw\Sheep\dynamicsuperb_sheep_audio256.wav
dynamicsuperb_sheep_audio257.wav,Sheep,balanced7_existing,Sheep,mixed-existing,D:\CSDLDPT\data\balanced_raw\Sheep\dynamicsuperb_sheep_audio257.wav
dynamicsuperb_sheep_audio258.wav,Sheep,balanced7_existing,Sheep,mixed-existing,D:\CSDLDPT\data\balanced_raw\Sheep\dynamicsuperb_sheep_audio258.wav
dynamicsuperb_sheep_audio259.wav,Sheep,balanced7_existing,Sheep,mixed-existing,D:\CSDLDPT\data\balanced_raw\Sheep\dynamicsuperb_sheep_audio259.wav
dynamicsuperb_sheep_audio260.wav,Sheep,balanced7_existing,Sheep,mixed-existing,D:\CSDLDPT\data\balanced_raw\Sheep\dynamicsuperb_sheep_audio260.wav
dynamicsuperb_sheep_audio261.wav,Sheep,balanced7_existing,Sheep,mixed-existing,D:\CSDLDPT\data\balanced_raw\Sheep\dynamicsuperb_sheep_audio261.wav
dynamicsuperb_sheep_audio262.wav,Sheep,balanced7_existing,Sheep,mixed-existing,D:\CSDLDPT\data\balanced_raw\Sheep\dynamicsuperb_sheep_audio262.wav
dynamicsuperb_sheep_audio263.wav,Sheep,balanced7_existing,Sheep,mixed-existing,D:\CSDLDPT\data\balanced_raw\Sheep\dynamicsuperb_sheep_audio263.wav
dynamicsuperb_sheep_audio264.wav,Sheep,balanced7_existing,Sheep,mixed-existing,D:\CSDLDPT\data\balanced_raw\Sheep\dynamicsuperb_sheep_audio264.wav
dynamicsuperb_sheep_audio265.wav,Sheep,balanced7_existing,Sheep,mixed-existing,D:\CSDLDPT\data\balanced_raw\Sheep\dynamicsuperb_sheep_audio265.wav
dynamicsuperb_sheep_audio266.wav,Sheep,balanced7_existing,Sheep,mixed-existing,D:\CSDLDPT\data\balanced_raw\Sheep\dynamicsuperb_sheep_audio266.wav
dynamicsuperb_sheep_audio267.wav,Sheep,balanced7_existing,Sheep,mixed-existing,D:\CSDLDPT\data\balanced_raw\Sheep\dynamicsuperb_sheep_audio267.wav
dynamicsuperb_sheep_audio268.wav,Sheep,balanced7_existing,Sheep,mixed-existing,D:\CSDLDPT\data\balanced_raw\Sheep\dynamicsuperb_sheep_audio268.wav
dynamicsuperb_sheep_audio269.wav,Sheep,balanced7_existing,Sheep,mixed-existing,D:\CSDLDPT\data\balanced_raw\Sheep\dynamicsuperb_sheep_audio269.wav
dynamicsuperb_sheep_audio270.wav,Sheep,balanced7_existing,Sheep,mixed-existing,D:\CSDLDPT\data\balanced_raw\Sheep\dynamicsuperb_sheep_audio270.wav
dynamicsuperb_sheep_audio271.wav,Sheep,balanced7_existing,Sheep,mixed-existing,D:\CSDLDPT\data\balanced_raw\Sheep\dynamicsuperb_sheep_audio271.wav
dynamicsuperb_sheep_audio272.wav,Sheep,balanced7_existing,Sheep,mixed-existing,D:\CSDLDPT\data\balanced_raw\Sheep\dynamicsuperb_sheep_audio272.wav
dynamicsuperb_sheep_audio273.wav,Sheep,balanced7_existing,Sheep,mixed-existing,D:\CSDLDPT\data\balanced_raw\Sheep\dynamicsuperb_sheep_audio273.wav
dynamicsuperb_sheep_audio274.wav,Sheep,balanced7_existing,Sheep,mixed-existing,D:\CSDLDPT\data\balanced_raw\Sheep\dynamicsuperb_sheep_audio274.wav
dynamicsuperb_sheep_audio275.wav,Sheep,balanced7_existing,Sheep,mixed-existing,D:\CSDLDPT\data\balanced_raw\Sheep\dynamicsuperb_sheep_audio275.wav
dynamicsuperb_sheep_audio276.wav,Sheep,balanced7_existing,Sheep,mixed-existing,D:\CSDLDPT\data\balanced_raw\Sheep\dynamicsuperb_sheep_audio276.wav
dynamicsuperb_sheep_audio277.wav,Sheep,balanced7_existing,Sheep,mixed-existing,D:\CSDLDPT\data\balanced_raw\Sheep\dynamicsuperb_sheep_audio277.wav
dynamicsuperb_sheep_audio278.wav,Sheep,balanced7_existing,Sheep,mixed-existing,D:\CSDLDPT\data\balanced_raw\Sheep\dynamicsuperb_sheep_audio278.wav
dynamicsuperb_sheep_audio279.wav,Sheep,balanced7_existing,Sheep,mixed-existing,D:\CSDLDPT\data\balanced_raw\Sheep\dynamicsuperb_sheep_audio279.wav
dynamicsuperb_sheep_audio280.wav,Sheep,balanced7_existing,Sheep,mixed-existing,D:\CSDLDPT\data\balanced_raw\Sheep\dynamicsuperb_sheep_audio280.wav
dynamicsuperb_sheep_audio281.wav,Sheep,balanced7_existing,Sheep,mixed-existing,D:\CSDLDPT\data\balanced_raw\Sheep\dynamicsuperb_sheep_audio281.wav
dynamicsuperb_sheep_audio282.wav,Sheep,balanced7_existing,Sheep,mixed-existing,D:\CSDLDPT\data\balanced_raw\Sheep\dynamicsuperb_sheep_audio282.wav
dynamicsuperb_sheep_audio283.wav,Sheep,balanced7_existing,Sheep,mixed-existing,D:\CSDLDPT\data\balanced_raw\Sheep\dynamicsuperb_sheep_audio283.wav
dynamicsuperb_sheep_audio284.wav,Sheep,balanced7_existing,Sheep,mixed-existing,D:\CSDLDPT\data\balanced_raw\Sheep\dynamicsuperb_sheep_audio284.wav
dynamicsuperb_sheep_audio285.wav,Sheep,balanced7_existing,Sheep,mixed-existing,D:\CSDLDPT\data\balanced_raw\Sheep\dynamicsuperb_sheep_audio285.wav
dynamicsuperb_sheep_audio286.wav,Sheep,balanced7_existing,Sheep,mixed-existing,D:\CSDLDPT\data\balanced_raw\Sheep\dynamicsuperb_sheep_audio286.wav
dynamicsuperb_sheep_audio287.wav,Sheep,balanced7_existing,Sheep,mixed-existing,D:\CSDLDPT\data\balanced_raw\Sheep\dynamicsuperb_sheep_audio287.wav
dynamicsuperb_sheep_audio288.wav,Sheep,balanced7_existing,Sheep,mixed-existing,D:\CSDLDPT\data\balanced_raw\Sheep\dynamicsuperb_sheep_audio288.wav
dynamicsuperb_sheep_audio289.wav,Sheep,balanced7_existing,Sheep,mixed-existing,D:\CSDLDPT\data\balanced_raw\Sheep\dynamicsuperb_sheep_audio289.wav
dynamicsuperb_sheep_audio290.wav,Sheep,balanced7_existing,Sheep,mixed-existing,D:\CSDLDPT\data\balanced_raw\Sheep\dynamicsuperb_sheep_audio290.wav
local_esc50_sheep_1-121951-A-8.wav,Sheep,balanced7_existing,Sheep,mixed-existing,D:\CSDLDPT\data\balanced_raw\Sheep\local_esc50_sheep_1-121951-A-8.wav
local_esc50_sheep_1-196660-A-8.wav,Sheep,balanced7_existing,Sheep,mixed-existing,D:\CSDLDPT\data\balanced_raw\Sheep\local_esc50_sheep_1-196660-A-8.wav
local_esc50_sheep_1-196660-B-8.wav,Sheep,balanced7_existing,Sheep,mixed-existing,D:\CSDLDPT\data\balanced_raw\Sheep\local_esc50_sheep_1-196660-B-8.wav
local_esc50_sheep_1-49409-A-8.wav,Sheep,balanced7_existing,Sheep,mixed-existing,D:\CSDLDPT\data\balanced_raw\Sheep\local_esc50_sheep_1-49409-A-8.wav
local_esc50_sheep_1-49409-B-8.wav,Sheep,balanced7_existing,Sheep,mixed-existing,D:\CSDLDPT\data\balanced_raw\Sheep\local_esc50_sheep_1-49409-B-8.wav
local_esc50_sheep_1-57795-A-8.wav,Sheep,balanced7_existing,Sheep,mixed-existing,D:\CSDLDPT\data\balanced_raw\Sheep\local_esc50_sheep_1-57795-A-8.wav
local_esc50_sheep_1-75190-A-8.wav,Sheep,balanced7_existing,Sheep,mixed-existing,D:\CSDLDPT\data\balanced_raw\Sheep\local_esc50_sheep_1-75190-A-8.wav
local_esc50_sheep_1-88574-A-8.wav,Sheep,balanced7_existing,Sheep,mixed-existing,D:\CSDLDPT\data\balanced_raw\Sheep\local_esc50_sheep_1-88574-A-8.wav
local_esc50_sheep_2-110614-A-8.wav,Sheep,balanced7_existing,Sheep,mixed-existing,D:\CSDLDPT\data\balanced_raw\Sheep\local_esc50_sheep_2-110614-A-8.wav
local_esc50_sheep_2-110614-B-8.wav,Sheep,balanced7_existing,Sheep,mixed-existing,D:\CSDLDPT\data\balanced_raw\Sheep\local_esc50_sheep_2-110614-B-8.wav
local_esc50_sheep_2-119161-A-8.wav,Sheep,balanced7_existing,Sheep,mixed-existing,D:\CSDLDPT\data\balanced_raw\Sheep\local_esc50_sheep_2-119161-A-8.wav
local_esc50_sheep_2-119161-B-8.wav,Sheep,balanced7_existing,Sheep,mixed-existing,D:\CSDLDPT\data\balanced_raw\Sheep\local_esc50_sheep_2-119161-B-8.wav
local_esc50_sheep_2-119161-C-8.wav,Sheep,balanced7_existing,Sheep,mixed-existing,D:\CSDLDPT\data\balanced_raw\Sheep\local_esc50_sheep_2-119161-C-8.wav
local_esc50_sheep_2-182508-A-8.wav,Sheep,balanced7_existing,Sheep,mixed-existing,D:\CSDLDPT\data\balanced_raw\Sheep\local_esc50_sheep_2-182508-A-8.wav
local_esc50_sheep_2-182508-B-8.wav,Sheep,balanced7_existing,Sheep,mixed-existing,D:\CSDLDPT\data\balanced_raw\Sheep\local_esc50_sheep_2-182508-B-8.wav
local_esc50_sheep_2-196688-A-8.wav,Sheep,balanced7_existing,Sheep,mixed-existing,D:\CSDLDPT\data\balanced_raw\Sheep\local_esc50_sheep_2-196688-A-8.wav
local_esc50_sheep_3-140199-A-8.wav,Sheep,balanced7_existing,Sheep,mixed-existing,D:\CSDLDPT\data\balanced_raw\Sheep\local_esc50_sheep_3-140199-A-8.wav
local_esc50_sheep_3-140199-B-8.wav,Sheep,balanced7_existing,Sheep,mixed-existing,D:\CSDLDPT\data\balanced_raw\Sheep\local_esc50_sheep_3-140199-B-8.wav
local_esc50_sheep_3-140199-C-8.wav,Sheep,balanced7_existing,Sheep,mixed-existing,D:\CSDLDPT\data\balanced_raw\Sheep\local_esc50_sheep_3-140199-C-8.wav
local_esc50_sheep_3-140199-D-8.wav,Sheep,balanced7_existing,Sheep,mixed-existing,D:\CSDLDPT\data\balanced_raw\Sheep\local_esc50_sheep_3-140199-D-8.wav
local_esc50_sheep_3-197408-A-8.wav,Sheep,balanced7_existing,Sheep,mixed-existing,D:\CSDLDPT\data\balanced_raw\Sheep\local_esc50_sheep_3-197408-A-8.wav
local_esc50_sheep_3-197408-B-8.wav,Sheep,balanced7_existing,Sheep,mixed-existing,D:\CSDLDPT\data\balanced_raw\Sheep\local_esc50_sheep_3-197408-B-8.wav
local_esc50_sheep_3-197408-C-8.wav,Sheep,balanced7_existing,Sheep,mixed-existing,D:\CSDLDPT\data\balanced_raw\Sheep\local_esc50_sheep_3-197408-C-8.wav
local_esc50_sheep_3-20861-A-8.wav,Sheep,balanced7_existing,Sheep,mixed-existing,D:\CSDLDPT\data\balanced_raw\Sheep\local_esc50_sheep_3-20861-A-8.wav
local_esc50_sheep_4-188703-A-8.wav,Sheep,balanced7_existing,Sheep,mixed-existing,D:\CSDLDPT\data\balanced_raw\Sheep\local_esc50_sheep_4-188703-A-8.wav
local_esc50_sheep_4-188703-B-8.wav,Sheep,balanced7_existing,Sheep,mixed-existing,D:\CSDLDPT\data\balanced_raw\Sheep\local_esc50_sheep_4-188703-B-8.wav
local_esc50_sheep_4-188703-C-8.wav,Sheep,balanced7_existing,Sheep,mixed-existing,D:\CSDLDPT\data\balanced_raw\Sheep\local_esc50_sheep_4-188703-C-8.wav
local_esc50_sheep_4-188703-D-8.wav,Sheep,balanced7_existing,Sheep,mixed-existing,D:\CSDLDPT\data\balanced_raw\Sheep\local_esc50_sheep_4-188703-D-8.wav
local_esc50_sheep_4-196671-A-8.wav,Sheep,balanced7_existing,Sheep,mixed-existing,D:\CSDLDPT\data\balanced_raw\Sheep\local_esc50_sheep_4-196671-A-8.wav
local_esc50_sheep_4-196671-B-8.wav,Sheep,balanced7_existing,Sheep,mixed-existing,D:\CSDLDPT\data\balanced_raw\Sheep\local_esc50_sheep_4-196671-B-8.wav
local_esc50_sheep_4-196672-A-8.wav,Sheep,balanced7_existing,Sheep,mixed-existing,D:\CSDLDPT\data\balanced_raw\Sheep\local_esc50_sheep_4-196672-A-8.wav
local_esc50_sheep_4-250864-A-8.wav,Sheep,balanced7_existing,Sheep,mixed-existing,D:\CSDLDPT\data\balanced_raw\Sheep\local_esc50_sheep_4-250864-A-8.wav
local_esc50_sheep_5-198891-A-8.wav,Sheep,balanced7_existing,Sheep,mixed-existing,D:\CSDLDPT\data\balanced_raw\Sheep\local_esc50_sheep_5-198891-A-8.wav
local_esc50_sheep_5-198891-B-8.wav,Sheep,balanced7_existing,Sheep,mixed-existing,D:\CSDLDPT\data\balanced_raw\Sheep\local_esc50_sheep_5-198891-B-8.wav
local_esc50_sheep_5-198891-C-8.wav,Sheep,balanced7_existing,Sheep,mixed-existing,D:\CSDLDPT\data\balanced_raw\Sheep\local_esc50_sheep_5-198891-C-8.wav
local_esc50_sheep_5-198891-D-8.wav,Sheep,balanced7_existing,Sheep,mixed-existing,D:\CSDLDPT\data\balanced_raw\Sheep\local_esc50_sheep_5-198891-D-8.wav
local_esc50_sheep_5-200329-A-8.wav,Sheep,balanced7_existing,Sheep,mixed-existing,D:\CSDLDPT\data\balanced_raw\Sheep\local_esc50_sheep_5-200329-A-8.wav
local_esc50_sheep_5-200329-B-8.wav,Sheep,balanced7_existing,Sheep,mixed-existing,D:\CSDLDPT\data\balanced_raw\Sheep\local_esc50_sheep_5-200329-B-8.wav
local_esc50_sheep_5-200329-C-8.wav,Sheep,balanced7_existing,Sheep,mixed-existing,D:\CSDLDPT\data\balanced_raw\Sheep\local_esc50_sheep_5-200329-C-8.wav
local_esc50_sheep_5-61635-A-8.wav,Sheep,balanced7_existing,Sheep,mixed-existing,D:\CSDLDPT\data\balanced_raw\Sheep\local_esc50_sheep_5-61635-A-8.wav
local_Sheep_12.wav,Sheep,balanced7_existing,Sheep,mixed-existing,D:\CSDLDPT\data\balanced_raw\Sheep\local_Sheep_12.wav
local_Sheep_15.wav,Sheep,balanced7_existing,Sheep,mixed-existing,D:\CSDLDPT\data\balanced_raw\Sheep\local_Sheep_15.wav
local_Sheep_18.wav,Sheep,balanced7_existing,Sheep,mixed-existing,D:\CSDLDPT\data\balanced_raw\Sheep\local_Sheep_18.wav
local_Sheep_2.wav,Sheep,balanced7_existing,Sheep,mixed-existing,D:\CSDLDPT\data\balanced_raw\Sheep\local_Sheep_2.wav
local_Sheep_20.wav,Sheep,balanced7_existing,Sheep,mixed-existing,D:\CSDLDPT\data\balanced_raw\Sheep\local_Sheep_20.wav
local_Sheep_22.wav,Sheep,balanced7_existing,Sheep,mixed-existing,D:\CSDLDPT\data\balanced_raw\Sheep\local_Sheep_22.wav
local_Sheep_25.wav,Sheep,balanced7_existing,Sheep,mixed-existing,D:\CSDLDPT\data\balanced_raw\Sheep\local_Sheep_25.wav
local_Sheep_26.wav,Sheep,balanced7_existing,Sheep,mixed-existing,D:\CSDLDPT\data\balanced_raw\Sheep\local_Sheep_26.wav
local_Sheep_27.wav,Sheep,balanced7_existing,Sheep,mixed-existing,D:\CSDLDPT\data\balanced_raw\Sheep\local_Sheep_27.wav
local_Sheep_29.wav,Sheep,balanced7_existing,Sheep,mixed-existing,D:\CSDLDPT\data\balanced_raw\Sheep\local_Sheep_29.wav
local_Sheep_30.wav,Sheep,balanced7_existing,Sheep,mixed-existing,D:\CSDLDPT\data\balanced_raw\Sheep\local_Sheep_30.wav
local_Sheep_31.wav,Sheep,balanced7_existing,Sheep,mixed-existing,D:\CSDLDPT\data\balanced_raw\Sheep\local_Sheep_31.wav
local_Sheep_38.wav,Sheep,balanced7_existing,Sheep,mixed-existing,D:\CSDLDPT\data\balanced_raw\Sheep\local_Sheep_38.wav
local_Sheep_46.wav,Sheep,balanced7_existing,Sheep,mixed-existing,D:\CSDLDPT\data\balanced_raw\Sheep\local_Sheep_46.wav
local_Sheep_48.wav,Sheep,balanced7_existing,Sheep,mixed-existing,D:\CSDLDPT\data\balanced_raw\Sheep\local_Sheep_48.wav
local_Sheep_49.wav,Sheep,balanced7_existing,Sheep,mixed-existing,D:\CSDLDPT\data\balanced_raw\Sheep\local_Sheep_49.wav
local_Sheep_50.wav,Sheep,balanced7_existing,Sheep,mixed-existing,D:\CSDLDPT\data\balanced_raw\Sheep\local_Sheep_50.wav
local_Sheep_7.wav,Sheep,balanced7_existing,Sheep,mixed-existing,D:\CSDLDPT\data\balanced_raw\Sheep\local_Sheep_7.wav
local_Sheep_9.wav,Sheep,balanced7_existing,Sheep,mixed-existing,D:\CSDLDPT\data\balanced_raw\Sheep\local_Sheep_9.wav
cgeorgiaw_macaque_AL1.wav,Monkey,balanced7_existing,Monkey,mixed-existing,D:\CSDLDPT\data\balanced_raw\Monkey\cgeorgiaw_macaque_AL1.wav
cgeorgiaw_macaque_AL10.wav,Monkey,balanced7_existing,Monkey,mixed-existing,D:\CSDLDPT\data\balanced_raw\Monkey\cgeorgiaw_macaque_AL10.wav
cgeorgiaw_macaque_AL100.wav,Monkey,balanced7_existing,Monkey,mixed-existing,D:\CSDLDPT\data\balanced_raw\Monkey\cgeorgiaw_macaque_AL100.wav
cgeorgiaw_macaque_AL101.wav,Monkey,balanced7_existing,Monkey,mixed-existing,D:\CSDLDPT\data\balanced_raw\Monkey\cgeorgiaw_macaque_AL101.wav
cgeorgiaw_macaque_AL102.wav,Monkey,balanced7_existing,Monkey,mixed-existing,D:\CSDLDPT\data\balanced_raw\Monkey\cgeorgiaw_macaque_AL102.wav
cgeorgiaw_macaque_AL103.wav,Monkey,balanced7_existing,Monkey,mixed-existing,D:\CSDLDPT\data\balanced_raw\Monkey\cgeorgiaw_macaque_AL103.wav
cgeorgiaw_macaque_AL104.wav,Monkey,balanced7_existing,Monkey,mixed-existing,D:\CSDLDPT\data\balanced_raw\Monkey\cgeorgiaw_macaque_AL104.wav
cgeorgiaw_macaque_AL105.wav,Monkey,balanced7_existing,Monkey,mixed-existing,D:\CSDLDPT\data\balanced_raw\Monkey\cgeorgiaw_macaque_AL105.wav
cgeorgiaw_macaque_AL106.wav,Monkey,balanced7_existing,Monkey,mixed-existing,D:\CSDLDPT\data\balanced_raw\Monkey\cgeorgiaw_macaque_AL106.wav
cgeorgiaw_macaque_AL107.wav,Monkey,balanced7_existing,Monkey,mixed-existing,D:\CSDLDPT\data\balanced_raw\Monkey\cgeorgiaw_macaque_AL107.wav
cgeorgiaw_macaque_AL108.wav,Monkey,balanced7_existing,Monkey,mixed-existing,D:\CSDLDPT\data\balanced_raw\Monkey\cgeorgiaw_macaque_AL108.wav
cgeorgiaw_macaque_AL109.wav,Monkey,balanced7_existing,Monkey,mixed-existing,D:\CSDLDPT\data\balanced_raw\Monkey\cgeorgiaw_macaque_AL109.wav
cgeorgiaw_macaque_AL11.wav,Monkey,balanced7_existing,Monkey,mixed-existing,D:\CSDLDPT\data\balanced_raw\Monkey\cgeorgiaw_macaque_AL11.wav
cgeorgiaw_macaque_AL110.wav,Monkey,balanced7_existing,Monkey,mixed-existing,D:\CSDLDPT\data\balanced_raw\Monkey\cgeorgiaw_macaque_AL110.wav
cgeorgiaw_macaque_AL111.wav,Monkey,balanced7_existing,Monkey,mixed-existing,D:\CSDLDPT\data\balanced_raw\Monkey\cgeorgiaw_macaque_AL111.wav
cgeorgiaw_macaque_AL112.wav,Monkey,balanced7_existing,Monkey,mixed-existing,D:\CSDLDPT\data\balanced_raw\Monkey\cgeorgiaw_macaque_AL112.wav
cgeorgiaw_macaque_AL113.wav,Monkey,balanced7_existing,Monkey,mixed-existing,D:\CSDLDPT\data\balanced_raw\Monkey\cgeorgiaw_macaque_AL113.wav
cgeorgiaw_macaque_AL114.wav,Monkey,balanced7_existing,Monkey,mixed-existing,D:\CSDLDPT\data\balanced_raw\Monkey\cgeorgiaw_macaque_AL114.wav
cgeorgiaw_macaque_AL115.wav,Monkey,balanced7_existing,Monkey,mixed-existing,D:\CSDLDPT\data\balanced_raw\Monkey\cgeorgiaw_macaque_AL115.wav
cgeorgiaw_macaque_AL116.wav,Monkey,balanced7_existing,Monkey,mixed-existing,D:\CSDLDPT\data\balanced_raw\Monkey\cgeorgiaw_macaque_AL116.wav
cgeorgiaw_macaque_AL117.wav,Monkey,balanced7_existing,Monkey,mixed-existing,D:\CSDLDPT\data\balanced_raw\Monkey\cgeorgiaw_macaque_AL117.wav
cgeorgiaw_macaque_AL118.wav,Monkey,balanced7_existing,Monkey,mixed-existing,D:\CSDLDPT\data\balanced_raw\Monkey\cgeorgiaw_macaque_AL118.wav
cgeorgiaw_macaque_AL119.wav,Monkey,balanced7_existing,Monkey,mixed-existing,D:\CSDLDPT\data\balanced_raw\Monkey\cgeorgiaw_macaque_AL119.wav
cgeorgiaw_macaque_AL12.wav,Monkey,balanced7_existing,Monkey,mixed-existing,D:\CSDLDPT\data\balanced_raw\Monkey\cgeorgiaw_macaque_AL12.wav
cgeorgiaw_macaque_AL120.wav,Monkey,balanced7_existing,Monkey,mixed-existing,D:\CSDLDPT\data\balanced_raw\Monkey\cgeorgiaw_macaque_AL120.wav
cgeorgiaw_macaque_AL121.wav,Monkey,balanced7_existing,Monkey,mixed-existing,D:\CSDLDPT\data\balanced_raw\Monkey\cgeorgiaw_macaque_AL121.wav
cgeorgiaw_macaque_AL122.wav,Monkey,balanced7_existing,Monkey,mixed-existing,D:\CSDLDPT\data\balanced_raw\Monkey\cgeorgiaw_macaque_AL122.wav
cgeorgiaw_macaque_AL123.wav,Monkey,balanced7_existing,Monkey,mixed-existing,D:\CSDLDPT\data\balanced_raw\Monkey\cgeorgiaw_macaque_AL123.wav
cgeorgiaw_macaque_AL124.wav,Monkey,balanced7_existing,Monkey,mixed-existing,D:\CSDLDPT\data\balanced_raw\Monkey\cgeorgiaw_macaque_AL124.wav
cgeorgiaw_macaque_AL125.wav,Monkey,balanced7_existing,Monkey,mixed-existing,D:\CSDLDPT\data\balanced_raw\Monkey\cgeorgiaw_macaque_AL125.wav
cgeorgiaw_macaque_AL126.wav,Monkey,balanced7_existing,Monkey,mixed-existing,D:\CSDLDPT\data\balanced_raw\Monkey\cgeorgiaw_macaque_AL126.wav
cgeorgiaw_macaque_AL127.wav,Monkey,balanced7_existing,Monkey,mixed-existing,D:\CSDLDPT\data\balanced_raw\Monkey\cgeorgiaw_macaque_AL127.wav
cgeorgiaw_macaque_AL128.wav,Monkey,balanced7_existing,Monkey,mixed-existing,D:\CSDLDPT\data\balanced_raw\Monkey\cgeorgiaw_macaque_AL128.wav
cgeorgiaw_macaque_AL129.wav,Monkey,balanced7_existing,Monkey,mixed-existing,D:\CSDLDPT\data\balanced_raw\Monkey\cgeorgiaw_macaque_AL129.wav
cgeorgiaw_macaque_AL13.wav,Monkey,balanced7_existing,Monkey,mixed-existing,D:\CSDLDPT\data\balanced_raw\Monkey\cgeorgiaw_macaque_AL13.wav
cgeorgiaw_macaque_AL130.wav,Monkey,balanced7_existing,Monkey,mixed-existing,D:\CSDLDPT\data\balanced_raw\Monkey\cgeorgiaw_macaque_AL130.wav
cgeorgiaw_macaque_AL131.wav,Monkey,balanced7_existing,Monkey,mixed-existing,D:\CSDLDPT\data\balanced_raw\Monkey\cgeorgiaw_macaque_AL131.wav
cgeorgiaw_macaque_AL132.wav,Monkey,balanced7_existing,Monkey,mixed-existing,D:\CSDLDPT\data\balanced_raw\Monkey\cgeorgiaw_macaque_AL132.wav
cgeorgiaw_macaque_AL133.wav,Monkey,balanced7_existing,Monkey,mixed-existing,D:\CSDLDPT\data\balanced_raw\Monkey\cgeorgiaw_macaque_AL133.wav
cgeorgiaw_macaque_AL134.wav,Monkey,balanced7_existing,Monkey,mixed-existing,D:\CSDLDPT\data\balanced_raw\Monkey\cgeorgiaw_macaque_AL134.wav
cgeorgiaw_macaque_AL135.wav,Monkey,balanced7_existing,Monkey,mixed-existing,D:\CSDLDPT\data\balanced_raw\Monkey\cgeorgiaw_macaque_AL135.wav
cgeorgiaw_macaque_AL136.wav,Monkey,balanced7_existing,Monkey,mixed-existing,D:\CSDLDPT\data\balanced_raw\Monkey\cgeorgiaw_macaque_AL136.wav
cgeorgiaw_macaque_AL137.wav,Monkey,balanced7_existing,Monkey,mixed-existing,D:\CSDLDPT\data\balanced_raw\Monkey\cgeorgiaw_macaque_AL137.wav
cgeorgiaw_macaque_AL138.wav,Monkey,balanced7_existing,Monkey,mixed-existing,D:\CSDLDPT\data\balanced_raw\Monkey\cgeorgiaw_macaque_AL138.wav
cgeorgiaw_macaque_AL139.wav,Monkey,balanced7_existing,Monkey,mixed-existing,D:\CSDLDPT\data\balanced_raw\Monkey\cgeorgiaw_macaque_AL139.wav
cgeorgiaw_macaque_AL14.wav,Monkey,balanced7_existing,Monkey,mixed-existing,D:\CSDLDPT\data\balanced_raw\Monkey\cgeorgiaw_macaque_AL14.wav
cgeorgiaw_macaque_AL140.wav,Monkey,balanced7_existing,Monkey,mixed-existing,D:\CSDLDPT\data\balanced_raw\Monkey\cgeorgiaw_macaque_AL140.wav
cgeorgiaw_macaque_AL141.wav,Monkey,balanced7_existing,Monkey,mixed-existing,D:\CSDLDPT\data\balanced_raw\Monkey\cgeorgiaw_macaque_AL141.wav
cgeorgiaw_macaque_AL142.wav,Monkey,balanced7_existing,Monkey,mixed-existing,D:\CSDLDPT\data\balanced_raw\Monkey\cgeorgiaw_macaque_AL142.wav
cgeorgiaw_macaque_AL143.wav,Monkey,balanced7_existing,Monkey,mixed-existing,D:\CSDLDPT\data\balanced_raw\Monkey\cgeorgiaw_macaque_AL143.wav
cgeorgiaw_macaque_AL144.wav,Monkey,balanced7_existing,Monkey,mixed-existing,D:\CSDLDPT\data\balanced_raw\Monkey\cgeorgiaw_macaque_AL144.wav
cgeorgiaw_macaque_AL145.wav,Monkey,balanced7_existing,Monkey,mixed-existing,D:\CSDLDPT\data\balanced_raw\Monkey\cgeorgiaw_macaque_AL145.wav
cgeorgiaw_macaque_AL146.wav,Monkey,balanced7_existing,Monkey,mixed-existing,D:\CSDLDPT\data\balanced_raw\Monkey\cgeorgiaw_macaque_AL146.wav
cgeorgiaw_macaque_AL147.wav,Monkey,balanced7_existing,Monkey,mixed-existing,D:\CSDLDPT\data\balanced_raw\Monkey\cgeorgiaw_macaque_AL147.wav
cgeorgiaw_macaque_AL148.wav,Monkey,balanced7_existing,Monkey,mixed-existing,D:\CSDLDPT\data\balanced_raw\Monkey\cgeorgiaw_macaque_AL148.wav
cgeorgiaw_macaque_AL149.wav,Monkey,balanced7_existing,Monkey,mixed-existing,D:\CSDLDPT\data\balanced_raw\Monkey\cgeorgiaw_macaque_AL149.wav
cgeorgiaw_macaque_AL15.wav,Monkey,balanced7_existing,Monkey,mixed-existing,D:\CSDLDPT\data\balanced_raw\Monkey\cgeorgiaw_macaque_AL15.wav
cgeorgiaw_macaque_AL150.wav,Monkey,balanced7_existing,Monkey,mixed-existing,D:\CSDLDPT\data\balanced_raw\Monkey\cgeorgiaw_macaque_AL150.wav
cgeorgiaw_macaque_AL151.wav,Monkey,balanced7_existing,Monkey,mixed-existing,D:\CSDLDPT\data\balanced_raw\Monkey\cgeorgiaw_macaque_AL151.wav
cgeorgiaw_macaque_AL152.wav,Monkey,balanced7_existing,Monkey,mixed-existing,D:\CSDLDPT\data\balanced_raw\Monkey\cgeorgiaw_macaque_AL152.wav
cgeorgiaw_macaque_AL153.wav,Monkey,balanced7_existing,Monkey,mixed-existing,D:\CSDLDPT\data\balanced_raw\Monkey\cgeorgiaw_macaque_AL153.wav
cgeorgiaw_macaque_AL154.wav,Monkey,balanced7_existing,Monkey,mixed-existing,D:\CSDLDPT\data\balanced_raw\Monkey\cgeorgiaw_macaque_AL154.wav
cgeorgiaw_macaque_AL155.wav,Monkey,balanced7_existing,Monkey,mixed-existing,D:\CSDLDPT\data\balanced_raw\Monkey\cgeorgiaw_macaque_AL155.wav
cgeorgiaw_macaque_AL156.wav,Monkey,balanced7_existing,Monkey,mixed-existing,D:\CSDLDPT\data\balanced_raw\Monkey\cgeorgiaw_macaque_AL156.wav
cgeorgiaw_macaque_AL157.wav,Monkey,balanced7_existing,Monkey,mixed-existing,D:\CSDLDPT\data\balanced_raw\Monkey\cgeorgiaw_macaque_AL157.wav
cgeorgiaw_macaque_AL158.wav,Monkey,balanced7_existing,Monkey,mixed-existing,D:\CSDLDPT\data\balanced_raw\Monkey\cgeorgiaw_macaque_AL158.wav
cgeorgiaw_macaque_AL159.wav,Monkey,balanced7_existing,Monkey,mixed-existing,D:\CSDLDPT\data\balanced_raw\Monkey\cgeorgiaw_macaque_AL159.wav
cgeorgiaw_macaque_AL16.wav,Monkey,balanced7_existing,Monkey,mixed-existing,D:\CSDLDPT\data\balanced_raw\Monkey\cgeorgiaw_macaque_AL16.wav
cgeorgiaw_macaque_AL160.wav,Monkey,balanced7_existing,Monkey,mixed-existing,D:\CSDLDPT\data\balanced_raw\Monkey\cgeorgiaw_macaque_AL160.wav
cgeorgiaw_macaque_AL161.wav,Monkey,balanced7_existing,Monkey,mixed-existing,D:\CSDLDPT\data\balanced_raw\Monkey\cgeorgiaw_macaque_AL161.wav
cgeorgiaw_macaque_AL162.wav,Monkey,balanced7_existing,Monkey,mixed-existing,D:\CSDLDPT\data\balanced_raw\Monkey\cgeorgiaw_macaque_AL162.wav
cgeorgiaw_macaque_AL163.wav,Monkey,balanced7_existing,Monkey,mixed-existing,D:\CSDLDPT\data\balanced_raw\Monkey\cgeorgiaw_macaque_AL163.wav
cgeorgiaw_macaque_AL164.wav,Monkey,balanced7_existing,Monkey,mixed-existing,D:\CSDLDPT\data\balanced_raw\Monkey\cgeorgiaw_macaque_AL164.wav
cgeorgiaw_macaque_AL165.wav,Monkey,balanced7_existing,Monkey,mixed-existing,D:\CSDLDPT\data\balanced_raw\Monkey\cgeorgiaw_macaque_AL165.wav
cgeorgiaw_macaque_AL166.wav,Monkey,balanced7_existing,Monkey,mixed-existing,D:\CSDLDPT\data\balanced_raw\Monkey\cgeorgiaw_macaque_AL166.wav
cgeorgiaw_macaque_AL167.wav,Monkey,balanced7_existing,Monkey,mixed-existing,D:\CSDLDPT\data\balanced_raw\Monkey\cgeorgiaw_macaque_AL167.wav
cgeorgiaw_macaque_AL168.wav,Monkey,balanced7_existing,Monkey,mixed-existing,D:\CSDLDPT\data\balanced_raw\Monkey\cgeorgiaw_macaque_AL168.wav
cgeorgiaw_macaque_AL169.wav,Monkey,balanced7_existing,Monkey,mixed-existing,D:\CSDLDPT\data\balanced_raw\Monkey\cgeorgiaw_macaque_AL169.wav
cgeorgiaw_macaque_AL17.wav,Monkey,balanced7_existing,Monkey,mixed-existing,D:\CSDLDPT\data\balanced_raw\Monkey\cgeorgiaw_macaque_AL17.wav
cgeorgiaw_macaque_AL170.wav,Monkey,balanced7_existing,Monkey,mixed-existing,D:\CSDLDPT\data\balanced_raw\Monkey\cgeorgiaw_macaque_AL170.wav
cgeorgiaw_macaque_AL171.wav,Monkey,balanced7_existing,Monkey,mixed-existing,D:\CSDLDPT\data\balanced_raw\Monkey\cgeorgiaw_macaque_AL171.wav
cgeorgiaw_macaque_AL172.wav,Monkey,balanced7_existing,Monkey,mixed-existing,D:\CSDLDPT\data\balanced_raw\Monkey\cgeorgiaw_macaque_AL172.wav
cgeorgiaw_macaque_AL173.wav,Monkey,balanced7_existing,Monkey,mixed-existing,D:\CSDLDPT\data\balanced_raw\Monkey\cgeorgiaw_macaque_AL173.wav
cgeorgiaw_macaque_AL174.wav,Monkey,balanced7_existing,Monkey,mixed-existing,D:\CSDLDPT\data\balanced_raw\Monkey\cgeorgiaw_macaque_AL174.wav
cgeorgiaw_macaque_AL175.wav,Monkey,balanced7_existing,Monkey,mixed-existing,D:\CSDLDPT\data\balanced_raw\Monkey\cgeorgiaw_macaque_AL175.wav
dynamicsuperb_monkey_audio376.wav,Monkey,balanced7_existing,Monkey,mixed-existing,D:\CSDLDPT\data\balanced_raw\Monkey\dynamicsuperb_monkey_audio376.wav
dynamicsuperb_monkey_audio377.wav,Monkey,balanced7_existing,Monkey,mixed-existing,D:\CSDLDPT\data\balanced_raw\Monkey\dynamicsuperb_monkey_audio377.wav
dynamicsuperb_monkey_audio378.wav,Monkey,balanced7_existing,Monkey,mixed-existing,D:\CSDLDPT\data\balanced_raw\Monkey\dynamicsuperb_monkey_audio378.wav
dynamicsuperb_monkey_audio379.wav,Monkey,balanced7_existing,Monkey,mixed-existing,D:\CSDLDPT\data\balanced_raw\Monkey\dynamicsuperb_monkey_audio379.wav
dynamicsuperb_monkey_audio380.wav,Monkey,balanced7_existing,Monkey,mixed-existing,D:\CSDLDPT\data\balanced_raw\Monkey\dynamicsuperb_monkey_audio380.wav
dynamicsuperb_monkey_audio381.wav,Monkey,balanced7_existing,Monkey,mixed-existing,D:\CSDLDPT\data\balanced_raw\Monkey\dynamicsuperb_monkey_audio381.wav
dynamicsuperb_monkey_audio382.wav,Monkey,balanced7_existing,Monkey,mixed-existing,D:\CSDLDPT\data\balanced_raw\Monkey\dynamicsuperb_monkey_audio382.wav
dynamicsuperb_monkey_audio383.wav,Monkey,balanced7_existing,Monkey,mixed-existing,D:\CSDLDPT\data\balanced_raw\Monkey\dynamicsuperb_monkey_audio383.wav
dynamicsuperb_monkey_audio384.wav,Monkey,balanced7_existing,Monkey,mixed-existing,D:\CSDLDPT\data\balanced_raw\Monkey\dynamicsuperb_monkey_audio384.wav
dynamicsuperb_monkey_audio385.wav,Monkey,balanced7_existing,Monkey,mixed-existing,D:\CSDLDPT\data\balanced_raw\Monkey\dynamicsuperb_monkey_audio385.wav
dynamicsuperb_monkey_audio386.wav,Monkey,balanced7_existing,Monkey,mixed-existing,D:\CSDLDPT\data\balanced_raw\Monkey\dynamicsuperb_monkey_audio386.wav
dynamicsuperb_monkey_audio387.wav,Monkey,balanced7_existing,Monkey,mixed-existing,D:\CSDLDPT\data\balanced_raw\Monkey\dynamicsuperb_monkey_audio387.wav
dynamicsuperb_monkey_audio388.wav,Monkey,balanced7_existing,Monkey,mixed-existing,D:\CSDLDPT\data\balanced_raw\Monkey\dynamicsuperb_monkey_audio388.wav
dynamicsuperb_monkey_audio389.wav,Monkey,balanced7_existing,Monkey,mixed-existing,D:\CSDLDPT\data\balanced_raw\Monkey\dynamicsuperb_monkey_audio389.wav
dynamicsuperb_monkey_audio390.wav,Monkey,balanced7_existing,Monkey,mixed-existing,D:\CSDLDPT\data\balanced_raw\Monkey\dynamicsuperb_monkey_audio390.wav
dynamicsuperb_monkey_audio391.wav,Monkey,balanced7_existing,Monkey,mixed-existing,D:\CSDLDPT\data\balanced_raw\Monkey\dynamicsuperb_monkey_audio391.wav
dynamicsuperb_monkey_audio392.wav,Monkey,balanced7_existing,Monkey,mixed-existing,D:\CSDLDPT\data\balanced_raw\Monkey\dynamicsuperb_monkey_audio392.wav
dynamicsuperb_monkey_audio393.wav,Monkey,balanced7_existing,Monkey,mixed-existing,D:\CSDLDPT\data\balanced_raw\Monkey\dynamicsuperb_monkey_audio393.wav
dynamicsuperb_monkey_audio394.wav,Monkey,balanced7_existing,Monkey,mixed-existing,D:\CSDLDPT\data\balanced_raw\Monkey\dynamicsuperb_monkey_audio394.wav
dynamicsuperb_monkey_audio395.wav,Monkey,balanced7_existing,Monkey,mixed-existing,D:\CSDLDPT\data\balanced_raw\Monkey\dynamicsuperb_monkey_audio395.wav
dynamicsuperb_monkey_audio396.wav,Monkey,balanced7_existing,Monkey,mixed-existing,D:\CSDLDPT\data\balanced_raw\Monkey\dynamicsuperb_monkey_audio396.wav
dynamicsuperb_monkey_audio397.wav,Monkey,balanced7_existing,Monkey,mixed-existing,D:\CSDLDPT\data\balanced_raw\Monkey\dynamicsuperb_monkey_audio397.wav
dynamicsuperb_monkey_audio398.wav,Monkey,balanced7_existing,Monkey,mixed-existing,D:\CSDLDPT\data\balanced_raw\Monkey\dynamicsuperb_monkey_audio398.wav
dynamicsuperb_monkey_audio399.wav,Monkey,balanced7_existing,Monkey,mixed-existing,D:\CSDLDPT\data\balanced_raw\Monkey\dynamicsuperb_monkey_audio399.wav
dynamicsuperb_monkey_audio400.wav,Monkey,balanced7_existing,Monkey,mixed-existing,D:\CSDLDPT\data\balanced_raw\Monkey\dynamicsuperb_monkey_audio400.wav
local_Monkey_1.wav,Monkey,balanced7_existing,Monkey,mixed-existing,D:\CSDLDPT\data\balanced_raw\Monkey\local_Monkey_1.wav
local_Monkey_10.wav,Monkey,balanced7_existing,Monkey,mixed-existing,D:\CSDLDPT\data\balanced_raw\Monkey\local_Monkey_10.wav
local_Monkey_12.wav,Monkey,balanced7_existing,Monkey,mixed-existing,D:\CSDLDPT\data\balanced_raw\Monkey\local_Monkey_12.wav
local_Monkey_14.wav,Monkey,balanced7_existing,Monkey,mixed-existing,D:\CSDLDPT\data\balanced_raw\Monkey\local_Monkey_14.wav
local_Monkey_16.wav,Monkey,balanced7_existing,Monkey,mixed-existing,D:\CSDLDPT\data\balanced_raw\Monkey\local_Monkey_16.wav
local_Monkey_18.wav,Monkey,balanced7_existing,Monkey,mixed-existing,D:\CSDLDPT\data\balanced_raw\Monkey\local_Monkey_18.wav
local_Monkey_19.wav,Monkey,balanced7_existing,Monkey,mixed-existing,D:\CSDLDPT\data\balanced_raw\Monkey\local_Monkey_19.wav
local_Monkey_2.wav,Monkey,balanced7_existing,Monkey,mixed-existing,D:\CSDLDPT\data\balanced_raw\Monkey\local_Monkey_2.wav
local_Monkey_20.wav,Monkey,balanced7_existing,Monkey,mixed-existing,D:\CSDLDPT\data\balanced_raw\Monkey\local_Monkey_20.wav
local_Monkey_21.wav,Monkey,balanced7_existing,Monkey,mixed-existing,D:\CSDLDPT\data\balanced_raw\Monkey\local_Monkey_21.wav
local_Monkey_22.wav,Monkey,balanced7_existing,Monkey,mixed-existing,D:\CSDLDPT\data\balanced_raw\Monkey\local_Monkey_22.wav
local_Monkey_24.wav,Monkey,balanced7_existing,Monkey,mixed-existing,D:\CSDLDPT\data\balanced_raw\Monkey\local_Monkey_24.wav
local_Monkey_25.wav,Monkey,balanced7_existing,Monkey,mixed-existing,D:\CSDLDPT\data\balanced_raw\Monkey\local_Monkey_25.wav
local_Monkey_26.wav,Monkey,balanced7_existing,Monkey,mixed-existing,D:\CSDLDPT\data\balanced_raw\Monkey\local_Monkey_26.wav
local_Monkey_27.wav,Monkey,balanced7_existing,Monkey,mixed-existing,D:\CSDLDPT\data\balanced_raw\Monkey\local_Monkey_27.wav
local_Monkey_28.wav,Monkey,balanced7_existing,Monkey,mixed-existing,D:\CSDLDPT\data\balanced_raw\Monkey\local_Monkey_28.wav
local_Monkey_29.wav,Monkey,balanced7_existing,Monkey,mixed-existing,D:\CSDLDPT\data\balanced_raw\Monkey\local_Monkey_29.wav
local_Monkey_3.wav,Monkey,balanced7_existing,Monkey,mixed-existing,D:\CSDLDPT\data\balanced_raw\Monkey\local_Monkey_3.wav
local_Monkey_30.wav,Monkey,balanced7_existing,Monkey,mixed-existing,D:\CSDLDPT\data\balanced_raw\Monkey\local_Monkey_30.wav
local_Monkey_31.wav,Monkey,balanced7_existing,Monkey,mixed-existing,D:\CSDLDPT\data\balanced_raw\Monkey\local_Monkey_31.wav
local_Monkey_32.wav,Monkey,balanced7_existing,Monkey,mixed-existing,D:\CSDLDPT\data\balanced_raw\Monkey\local_Monkey_32.wav
local_Monkey_33.wav,Monkey,balanced7_existing,Monkey,mixed-existing,D:\CSDLDPT\data\balanced_raw\Monkey\local_Monkey_33.wav
local_Monkey_34.wav,Monkey,balanced7_existing,Monkey,mixed-existing,D:\CSDLDPT\data\balanced_raw\Monkey\local_Monkey_34.wav
local_Monkey_36.wav,Monkey,balanced7_existing,Monkey,mixed-existing,D:\CSDLDPT\data\balanced_raw\Monkey\local_Monkey_36.wav
local_Monkey_37.wav,Monkey,balanced7_existing,Monkey,mixed-existing,D:\CSDLDPT\data\balanced_raw\Monkey\local_Monkey_37.wav
local_Monkey_38.wav,Monkey,balanced7_existing,Monkey,mixed-existing,D:\CSDLDPT\data\balanced_raw\Monkey\local_Monkey_38.wav
local_Monkey_39.wav,Monkey,balanced7_existing,Monkey,mixed-existing,D:\CSDLDPT\data\balanced_raw\Monkey\local_Monkey_39.wav
local_Monkey_4.wav,Monkey,balanced7_existing,Monkey,mixed-existing,D:\CSDLDPT\data\balanced_raw\Monkey\local_Monkey_4.wav
local_Monkey_41.wav,Monkey,balanced7_existing,Monkey,mixed-existing,D:\CSDLDPT\data\balanced_raw\Monkey\local_Monkey_41.wav
local_Monkey_42.wav,Monkey,balanced7_existing,Monkey,mixed-existing,D:\CSDLDPT\data\balanced_raw\Monkey\local_Monkey_42.wav
local_Monkey_43.wav,Monkey,balanced7_existing,Monkey,mixed-existing,D:\CSDLDPT\data\balanced_raw\Monkey\local_Monkey_43.wav
local_Monkey_44.wav,Monkey,balanced7_existing,Monkey,mixed-existing,D:\CSDLDPT\data\balanced_raw\Monkey\local_Monkey_44.wav
local_Monkey_46.wav,Monkey,balanced7_existing,Monkey,mixed-existing,D:\CSDLDPT\data\balanced_raw\Monkey\local_Monkey_46.wav
local_Monkey_48.wav,Monkey,balanced7_existing,Monkey,mixed-existing,D:\CSDLDPT\data\balanced_raw\Monkey\local_Monkey_48.wav
local_Monkey_5.wav,Monkey,balanced7_existing,Monkey,mixed-existing,D:\CSDLDPT\data\balanced_raw\Monkey\local_Monkey_5.wav
local_Monkey_50.wav,Monkey,balanced7_existing,Monkey,mixed-existing,D:\CSDLDPT\data\balanced_raw\Monkey\local_Monkey_50.wav
local_Monkey_6.wav,Monkey,balanced7_existing,Monkey,mixed-existing,D:\CSDLDPT\data\balanced_raw\Monkey\local_Monkey_6.wav
local_Monkey_7.wav,Monkey,balanced7_existing,Monkey,mixed-existing,D:\CSDLDPT\data\balanced_raw\Monkey\local_Monkey_7.wav
local_Monkey_8.wav,Monkey,balanced7_existing,Monkey,mixed-existing,D:\CSDLDPT\data\balanced_raw\Monkey\local_Monkey_8.wav
local_Monkey_9.wav,Monkey,balanced7_existing,Monkey,mixed-existing,D:\CSDLDPT\data\balanced_raw\Monkey\local_Monkey_9.wav
esc50_hen_1-18074-A-6.wav,Hen,esc50,hen,cc-by-nc-3.0,C:\Users\ACER\.cache\huggingface\hub\datasets--TigreGotico--ESC-50\snapshots\f4368b7d979bf732012e03c3fb5607e6564e15b3\1-18074-A-6.wav
esc50_hen_1-18074-B-6.wav,Hen,esc50,hen,cc-by-nc-3.0,C:\Users\ACER\.cache\huggingface\hub\datasets--TigreGotico--ESC-50\snapshots\f4368b7d979bf732012e03c3fb5607e6564e15b3\1-18074-B-6.wav
esc50_hen_1-31251-A-6.wav,Hen,esc50,hen,cc-by-nc-3.0,C:\Users\ACER\.cache\huggingface\hub\datasets--TigreGotico--ESC-50\snapshots\f4368b7d979bf732012e03c3fb5607e6564e15b3\1-31251-A-6.wav
esc50_hen_1-31251-B-6.wav,Hen,esc50,hen,cc-by-nc-3.0,C:\Users\ACER\.cache\huggingface\hub\datasets--TigreGotico--ESC-50\snapshots\f4368b7d979bf732012e03c3fb5607e6564e15b3\1-31251-B-6.wav
esc50_hen_1-5996-A-6.wav,Hen,esc50,hen,cc-by-nc-3.0,C:\Users\ACER\.cache\huggingface\hub\datasets--TigreGotico--ESC-50\snapshots\f4368b7d979bf732012e03c3fb5607e6564e15b3\1-5996-A-6.wav
esc50_hen_1-71030-A-6.wav,Hen,esc50,hen,cc-by-nc-3.0,C:\Users\ACER\.cache\huggingface\hub\datasets--TigreGotico--ESC-50\snapshots\f4368b7d979bf732012e03c3fb5607e6564e15b3\1-71030-A-6.wav
esc50_hen_1-72229-A-6.wav,Hen,esc50,hen,cc-by-nc-3.0,C:\Users\ACER\.cache\huggingface\hub\datasets--TigreGotico--ESC-50\snapshots\f4368b7d979bf732012e03c3fb5607e6564e15b3\1-72229-A-6.wav
esc50_hen_1-72229-B-6.wav,Hen,esc50,hen,cc-by-nc-3.0,C:\Users\ACER\.cache\huggingface\hub\datasets--TigreGotico--ESC-50\snapshots\f4368b7d979bf732012e03c3fb5607e6564e15b3\1-72229-B-6.wav
esc50_hen_2-120586-A-6.wav,Hen,esc50,hen,cc-by-nc-3.0,C:\Users\ACER\.cache\huggingface\hub\datasets--TigreGotico--ESC-50\snapshots\f4368b7d979bf732012e03c3fb5607e6564e15b3\2-120586-A-6.wav
esc50_hen_2-120587-A-6.wav,Hen,esc50,hen,cc-by-nc-3.0,C:\Users\ACER\.cache\huggingface\hub\datasets--TigreGotico--ESC-50\snapshots\f4368b7d979bf732012e03c3fb5607e6564e15b3\2-120587-A-6.wav
esc50_hen_2-127109-A-6.wav,Hen,esc50,hen,cc-by-nc-3.0,C:\Users\ACER\.cache\huggingface\hub\datasets--TigreGotico--ESC-50\snapshots\f4368b7d979bf732012e03c3fb5607e6564e15b3\2-127109-A-6.wav
esc50_hen_2-134049-A-6.wav,Hen,esc50,hen,cc-by-nc-3.0,C:\Users\ACER\.cache\huggingface\hub\datasets--TigreGotico--ESC-50\snapshots\f4368b7d979bf732012e03c3fb5607e6564e15b3\2-134049-A-6.wav
esc50_hen_2-157488-A-6.wav,Hen,esc50,hen,cc-by-nc-3.0,C:\Users\ACER\.cache\huggingface\hub\datasets--TigreGotico--ESC-50\snapshots\f4368b7d979bf732012e03c3fb5607e6564e15b3\2-157488-A-6.wav
esc50_hen_2-72268-A-6.wav,Hen,esc50,hen,cc-by-nc-3.0,C:\Users\ACER\.cache\huggingface\hub\datasets--TigreGotico--ESC-50\snapshots\f4368b7d979bf732012e03c3fb5607e6564e15b3\2-72268-A-6.wav
esc50_hen_2-75726-A-6.wav,Hen,esc50,hen,cc-by-nc-3.0,C:\Users\ACER\.cache\huggingface\hub\datasets--TigreGotico--ESC-50\snapshots\f4368b7d979bf732012e03c3fb5607e6564e15b3\2-75726-A-6.wav
esc50_hen_2-76868-A-6.wav,Hen,esc50,hen,cc-by-nc-3.0,C:\Users\ACER\.cache\huggingface\hub\datasets--TigreGotico--ESC-50\snapshots\f4368b7d979bf732012e03c3fb5607e6564e15b3\2-76868-A-6.wav
esc50_hen_3-164216-A-6.wav,Hen,esc50,hen,cc-by-nc-3.0,C:\Users\ACER\.cache\huggingface\hub\datasets--TigreGotico--ESC-50\snapshots\f4368b7d979bf732012e03c3fb5607e6564e15b3\3-164216-A-6.wav
esc50_hen_3-164216-B-6.wav,Hen,esc50,hen,cc-by-nc-3.0,C:\Users\ACER\.cache\huggingface\hub\datasets--TigreGotico--ESC-50\snapshots\f4368b7d979bf732012e03c3fb5607e6564e15b3\3-164216-B-6.wav
esc50_hen_3-164216-C-6.wav,Hen,esc50,hen,cc-by-nc-3.0,C:\Users\ACER\.cache\huggingface\hub\datasets--TigreGotico--ESC-50\snapshots\f4368b7d979bf732012e03c3fb5607e6564e15b3\3-164216-C-6.wav
esc50_hen_3-171281-A-6.wav,Hen,esc50,hen,cc-by-nc-3.0,C:\Users\ACER\.cache\huggingface\hub\datasets--TigreGotico--ESC-50\snapshots\f4368b7d979bf732012e03c3fb5607e6564e15b3\3-171281-A-6.wav
esc50_hen_3-178096-A-6.wav,Hen,esc50,hen,cc-by-nc-3.0,C:\Users\ACER\.cache\huggingface\hub\datasets--TigreGotico--ESC-50\snapshots\f4368b7d979bf732012e03c3fb5607e6564e15b3\3-178096-A-6.wav
esc50_hen_3-187549-A-6.wav,Hen,esc50,hen,cc-by-nc-3.0,C:\Users\ACER\.cache\huggingface\hub\datasets--TigreGotico--ESC-50\snapshots\f4368b7d979bf732012e03c3fb5607e6564e15b3\3-187549-A-6.wav
esc50_hen_3-187549-B-6.wav,Hen,esc50,hen,cc-by-nc-3.0,C:\Users\ACER\.cache\huggingface\hub\datasets--TigreGotico--ESC-50\snapshots\f4368b7d979bf732012e03c3fb5607e6564e15b3\3-187549-B-6.wav
esc50_hen_3-188390-A-6.wav,Hen,esc50,hen,cc-by-nc-3.0,C:\Users\ACER\.cache\huggingface\hub\datasets--TigreGotico--ESC-50\snapshots\f4368b7d979bf732012e03c3fb5607e6564e15b3\3-188390-A-6.wav
esc50_hen_4-197103-A-6.wav,Hen,esc50,hen,cc-by-nc-3.0,C:\Users\ACER\.cache\huggingface\hub\datasets--TigreGotico--ESC-50\snapshots\f4368b7d979bf732012e03c3fb5607e6564e15b3\4-197103-A-6.wav
esc50_hen_4-200330-A-6.wav,Hen,esc50,hen,cc-by-nc-3.0,C:\Users\ACER\.cache\huggingface\hub\datasets--TigreGotico--ESC-50\snapshots\f4368b7d979bf732012e03c3fb5607e6564e15b3\4-200330-A-6.wav
esc50_hen_4-200330-B-6.wav,Hen,esc50,hen,cc-by-nc-3.0,C:\Users\ACER\.cache\huggingface\hub\datasets--TigreGotico--ESC-50\snapshots\f4368b7d979bf732012e03c3fb5607e6564e15b3\4-200330-B-6.wav
esc50_hen_4-204830-A-6.wav,Hen,esc50,hen,cc-by-nc-3.0,C:\Users\ACER\.cache\huggingface\hub\datasets--TigreGotico--ESC-50\snapshots\f4368b7d979bf732012e03c3fb5607e6564e15b3\4-204830-A-6.wav
esc50_hen_4-232495-A-6.wav,Hen,esc50,hen,cc-by-nc-3.0,C:\Users\ACER\.cache\huggingface\hub\datasets--TigreGotico--ESC-50\snapshots\f4368b7d979bf732012e03c3fb5607e6564e15b3\4-232495-A-6.wav
esc50_hen_4-234879-A-6.wav,Hen,esc50,hen,cc-by-nc-3.0,C:\Users\ACER\.cache\huggingface\hub\datasets--TigreGotico--ESC-50\snapshots\f4368b7d979bf732012e03c3fb5607e6564e15b3\4-234879-A-6.wav
esc50_hen_4-244318-A-6.wav,Hen,esc50,hen,cc-by-nc-3.0,C:\Users\ACER\.cache\huggingface\hub\datasets--TigreGotico--ESC-50\snapshots\f4368b7d979bf732012e03c3fb5607e6564e15b3\4-244318-A-6.wav
esc50_hen_4-253649-A-6.wav,Hen,esc50,hen,cc-by-nc-3.0,C:\Users\ACER\.cache\huggingface\hub\datasets--TigreGotico--ESC-50\snapshots\f4368b7d979bf732012e03c3fb5607e6564e15b3\4-253649-A-6.wav
esc50_hen_5-244315-A-6.wav,Hen,esc50,hen,cc-by-nc-3.0,C:\Users\ACER\.cache\huggingface\hub\datasets--TigreGotico--ESC-50\snapshots\f4368b7d979bf732012e03c3fb5607e6564e15b3\5-244315-A-6.wav
esc50_hen_5-244315-B-6.wav,Hen,esc50,hen,cc-by-nc-3.0,C:\Users\ACER\.cache\huggingface\hub\datasets--TigreGotico--ESC-50\snapshots\f4368b7d979bf732012e03c3fb5607e6564e15b3\5-244315-B-6.wav
esc50_hen_5-244315-C-6.wav,Hen,esc50,hen,cc-by-nc-3.0,C:\Users\ACER\.cache\huggingface\hub\datasets--TigreGotico--ESC-50\snapshots\f4368b7d979bf732012e03c3fb5607e6564e15b3\5-244315-C-6.wav
esc50_hen_5-248341-A-6.wav,Hen,esc50,hen,cc-by-nc-3.0,C:\Users\ACER\.cache\huggingface\hub\datasets--TigreGotico--ESC-50\snapshots\f4368b7d979bf732012e03c3fb5607e6564e15b3\5-248341-A-6.wav
esc50_hen_5-248341-B-6.wav,Hen,esc50,hen,cc-by-nc-3.0,C:\Users\ACER\.cache\huggingface\hub\datasets--TigreGotico--ESC-50\snapshots\f4368b7d979bf732012e03c3fb5607e6564e15b3\5-248341-B-6.wav
esc50_hen_5-248341-C-6.wav,Hen,esc50,hen,cc-by-nc-3.0,C:\Users\ACER\.cache\huggingface\hub\datasets--TigreGotico--ESC-50\snapshots\f4368b7d979bf732012e03c3fb5607e6564e15b3\5-248341-C-6.wav
esc50_hen_5-263831-A-6.wav,Hen,esc50,hen,cc-by-nc-3.0,C:\Users\ACER\.cache\huggingface\hub\datasets--TigreGotico--ESC-50\snapshots\f4368b7d979bf732012e03c3fb5607e6564e15b3\5-263831-A-6.wav
esc50_hen_5-263831-B-6.wav,Hen,esc50,hen,cc-by-nc-3.0,C:\Users\ACER\.cache\huggingface\hub\datasets--TigreGotico--ESC-50\snapshots\f4368b7d979bf732012e03c3fb5607e6564e15b3\5-263831-B-6.wav
animalqa_hen_hen0.wav,Hen,animalqa,hen,unspecified,SLLM-multi-hop/AnimalQA:hen0.wav
animalqa_hen_hen1.wav,Hen,animalqa,hen,unspecified,SLLM-multi-hop/AnimalQA:hen1.wav
animalqa_hen_hen10.wav,Hen,animalqa,hen,unspecified,SLLM-multi-hop/AnimalQA:hen10.wav
animalqa_hen_hen11.wav,Hen,animalqa,hen,unspecified,SLLM-multi-hop/AnimalQA:hen11.wav
animalqa_hen_hen12.wav,Hen,animalqa,hen,unspecified,SLLM-multi-hop/AnimalQA:hen12.wav
animalqa_hen_hen13.wav,Hen,animalqa,hen,unspecified,SLLM-multi-hop/AnimalQA:hen13.wav
animalqa_hen_hen14.wav,Hen,animalqa,hen,unspecified,SLLM-multi-hop/AnimalQA:hen14.wav
animalqa_hen_hen15.wav,Hen,animalqa,hen,unspecified,SLLM-multi-hop/AnimalQA:hen15.wav
animalqa_hen_hen16.wav,Hen,animalqa,hen,unspecified,SLLM-multi-hop/AnimalQA:hen16.wav
animalqa_hen_hen17.wav,Hen,animalqa,hen,unspecified,SLLM-multi-hop/AnimalQA:hen17.wav
animalqa_hen_hen18.wav,Hen,animalqa,hen,unspecified,SLLM-multi-hop/AnimalQA:hen18.wav
animalqa_hen_hen19.wav,Hen,animalqa,hen,unspecified,SLLM-multi-hop/AnimalQA:hen19.wav
animalqa_hen_hen2.wav,Hen,animalqa,hen,unspecified,SLLM-multi-hop/AnimalQA:hen2.wav
animalqa_hen_hen20.wav,Hen,animalqa,hen,unspecified,SLLM-multi-hop/AnimalQA:hen20.wav
animalqa_hen_hen21.wav,Hen,animalqa,hen,unspecified,SLLM-multi-hop/AnimalQA:hen21.wav
animalqa_hen_hen22.wav,Hen,animalqa,hen,unspecified,SLLM-multi-hop/AnimalQA:hen22.wav
animalqa_hen_hen23.wav,Hen,animalqa,hen,unspecified,SLLM-multi-hop/AnimalQA:hen23.wav
animalqa_hen_hen24.wav,Hen,animalqa,hen,unspecified,SLLM-multi-hop/AnimalQA:hen24.wav
animalqa_hen_hen25.wav,Hen,animalqa,hen,unspecified,SLLM-multi-hop/AnimalQA:hen25.wav
animalqa_hen_hen26.wav,Hen,animalqa,hen,unspecified,SLLM-multi-hop/AnimalQA:hen26.wav
animalqa_hen_hen27.wav,Hen,animalqa,hen,unspecified,SLLM-multi-hop/AnimalQA:hen27.wav
animalqa_hen_hen28.wav,Hen,animalqa,hen,unspecified,SLLM-multi-hop/AnimalQA:hen28.wav
animalqa_hen_hen29.wav,Hen,animalqa,hen,unspecified,SLLM-multi-hop/AnimalQA:hen29.wav
animalqa_hen_hen3.wav,Hen,animalqa,hen,unspecified,SLLM-multi-hop/AnimalQA:hen3.wav
animalqa_hen_hen30.wav,Hen,animalqa,hen,unspecified,SLLM-multi-hop/AnimalQA:hen30.wav
animalqa_hen_hen31.wav,Hen,animalqa,hen,unspecified,SLLM-multi-hop/AnimalQA:hen31.wav
animalqa_hen_hen32.wav,Hen,animalqa,hen,unspecified,SLLM-multi-hop/AnimalQA:hen32.wav
animalqa_hen_hen33.wav,Hen,animalqa,hen,unspecified,SLLM-multi-hop/AnimalQA:hen33.wav
animalqa_hen_hen34.wav,Hen,animalqa,hen,unspecified,SLLM-multi-hop/AnimalQA:hen34.wav
animalqa_hen_hen35.wav,Hen,animalqa,hen,unspecified,SLLM-multi-hop/AnimalQA:hen35.wav
animalqa_hen_hen36.wav,Hen,animalqa,hen,unspecified,SLLM-multi-hop/AnimalQA:hen36.wav
animalqa_hen_hen37.wav,Hen,animalqa,hen,unspecified,SLLM-multi-hop/AnimalQA:hen37.wav
animalqa_hen_hen38.wav,Hen,animalqa,hen,unspecified,SLLM-multi-hop/AnimalQA:hen38.wav
animalqa_hen_hen39.wav,Hen,animalqa,hen,unspecified,SLLM-multi-hop/AnimalQA:hen39.wav
animalqa_hen_hen4.wav,Hen,animalqa,hen,unspecified,SLLM-multi-hop/AnimalQA:hen4.wav
animalqa_hen_hen5.wav,Hen,animalqa,hen,unspecified,SLLM-multi-hop/AnimalQA:hen5.wav
animalqa_hen_hen6.wav,Hen,animalqa,hen,unspecified,SLLM-multi-hop/AnimalQA:hen6.wav
animalqa_hen_hen7.wav,Hen,animalqa,hen,unspecified,SLLM-multi-hop/AnimalQA:hen7.wav
animalqa_hen_hen8.wav,Hen,animalqa,hen,unspecified,SLLM-multi-hop/AnimalQA:hen8.wav
animalqa_hen_hen9.wav,Hen,animalqa,hen,unspecified,SLLM-multi-hop/AnimalQA:hen9.wav
dspvt_hen_2-127109-A-6.wav,Hen,dynamicsuperb_private,hen,unspecified,DynamicSuperbPrivate/EnvironmentalSoundClassification_ESC50-Animals_TTS:2-127109-A-6.wav
dspvt_hen_5-248341-C-6.wav,Hen,dynamicsuperb_private,hen,unspecified,DynamicSuperbPrivate/EnvironmentalSoundClassification_ESC50-Animals_TTS:5-248341-C-6.wav
dspvt_hen_2-120586-A-6.wav,Hen,dynamicsuperb_private,hen,unspecified,DynamicSuperbPrivate/EnvironmentalSoundClassification_ESC50-Animals_TTS:2-120586-A-6.wav
dspvt_hen_4-234879-A-6.wav,Hen,dynamicsuperb_private,hen,unspecified,DynamicSuperbPrivate/EnvironmentalSoundClassification_ESC50-Animals_TTS:4-234879-A-6.wav
dspvt_hen_2-75726-A-6.wav,Hen,dynamicsuperb_private,hen,unspecified,DynamicSuperbPrivate/EnvironmentalSoundClassification_ESC50-Animals_TTS:2-75726-A-6.wav
dspvt_hen_4-197103-A-6.wav,Hen,dynamicsuperb_private,hen,unspecified,DynamicSuperbPrivate/EnvironmentalSoundClassification_ESC50-Animals_TTS:4-197103-A-6.wav
dspvt_hen_3-187549-B-6.wav,Hen,dynamicsuperb_private,hen,unspecified,DynamicSuperbPrivate/EnvironmentalSoundClassification_ESC50-Animals_TTS:3-187549-B-6.wav
dspvt_hen_5-248341-A-6.wav,Hen,dynamicsuperb_private,hen,unspecified,DynamicSuperbPrivate/EnvironmentalSoundClassification_ESC50-Animals_TTS:5-248341-A-6.wav
dspvt_hen_4-244318-A-6.wav,Hen,dynamicsuperb_private,hen,unspecified,DynamicSuperbPrivate/EnvironmentalSoundClassification_ESC50-Animals_TTS:4-244318-A-6.wav
dspvt_hen_1-72229-A-6.wav,Hen,dynamicsuperb_private,hen,unspecified,DynamicSuperbPrivate/EnvironmentalSoundClassification_ESC50-Animals_TTS:1-72229-A-6.wav
dspvt_hen_1-31251-B-6.wav,Hen,dynamicsuperb_private,hen,unspecified,DynamicSuperbPrivate/EnvironmentalSoundClassification_ESC50-Animals_TTS:1-31251-B-6.wav
dspvt_hen_5-248341-B-6.wav,Hen,dynamicsuperb_private,hen,unspecified,DynamicSuperbPrivate/EnvironmentalSoundClassification_ESC50-Animals_TTS:5-248341-B-6.wav
dspvt_hen_2-134049-A-6.wav,Hen,dynamicsuperb_private,hen,unspecified,DynamicSuperbPrivate/EnvironmentalSoundClassification_ESC50-Animals_TTS:2-134049-A-6.wav
dspvt_hen_5-263831-A-6.wav,Hen,dynamicsuperb_private,hen,unspecified,DynamicSuperbPrivate/EnvironmentalSoundClassification_ESC50-Animals_TTS:5-263831-A-6.wav
dspvt_hen_2-157488-A-6.wav,Hen,dynamicsuperb_private,hen,unspecified,DynamicSuperbPrivate/EnvironmentalSoundClassification_ESC50-Animals_TTS:2-157488-A-6.wav
dspvt_hen_1-72229-B-6.wav,Hen,dynamicsuperb_private,hen,unspecified,DynamicSuperbPrivate/EnvironmentalSoundClassification_ESC50-Animals_TTS:1-72229-B-6.wav
dspvt_hen_3-164216-A-6.wav,Hen,dynamicsuperb_private,hen,unspecified,DynamicSuperbPrivate/EnvironmentalSoundClassification_ESC50-Animals_TTS:3-164216-A-6.wav
dspvt_hen_4-253649-A-6.wav,Hen,dynamicsuperb_private,hen,unspecified,DynamicSuperbPrivate/EnvironmentalSoundClassification_ESC50-Animals_TTS:4-253649-A-6.wav
dspvt_hen_5-244315-C-6.wav,Hen,dynamicsuperb_private,hen,unspecified,DynamicSuperbPrivate/EnvironmentalSoundClassification_ESC50-Animals_TTS:5-244315-C-6.wav
dspvt_hen_2-76868-A-6.wav,Hen,dynamicsuperb_private,hen,unspecified,DynamicSuperbPrivate/EnvironmentalSoundClassification_ESC50-Animals_TTS:2-76868-A-6.wav
esc50_rooster_1-26806-A-1.wav,Rooster,esc50,rooster,cc-by-nc-3.0,C:\Users\ACER\.cache\huggingface\hub\datasets--TigreGotico--ESC-50\snapshots\f4368b7d979bf732012e03c3fb5607e6564e15b3\1-26806-A-1.wav
esc50_rooster_1-27724-A-1.wav,Rooster,esc50,rooster,cc-by-nc-3.0,C:\Users\ACER\.cache\huggingface\hub\datasets--TigreGotico--ESC-50\snapshots\f4368b7d979bf732012e03c3fb5607e6564e15b3\1-27724-A-1.wav
esc50_rooster_1-34119-A-1.wav,Rooster,esc50,rooster,cc-by-nc-3.0,C:\Users\ACER\.cache\huggingface\hub\datasets--TigreGotico--ESC-50\snapshots\f4368b7d979bf732012e03c3fb5607e6564e15b3\1-34119-A-1.wav
esc50_rooster_1-34119-B-1.wav,Rooster,esc50,rooster,cc-by-nc-3.0,C:\Users\ACER\.cache\huggingface\hub\datasets--TigreGotico--ESC-50\snapshots\f4368b7d979bf732012e03c3fb5607e6564e15b3\1-34119-B-1.wav
esc50_rooster_1-39923-A-1.wav,Rooster,esc50,rooster,cc-by-nc-3.0,C:\Users\ACER\.cache\huggingface\hub\datasets--TigreGotico--ESC-50\snapshots\f4368b7d979bf732012e03c3fb5607e6564e15b3\1-39923-A-1.wav
esc50_rooster_1-40730-A-1.wav,Rooster,esc50,rooster,cc-by-nc-3.0,C:\Users\ACER\.cache\huggingface\hub\datasets--TigreGotico--ESC-50\snapshots\f4368b7d979bf732012e03c3fb5607e6564e15b3\1-40730-A-1.wav
esc50_rooster_1-43382-A-1.wav,Rooster,esc50,rooster,cc-by-nc-3.0,C:\Users\ACER\.cache\huggingface\hub\datasets--TigreGotico--ESC-50\snapshots\f4368b7d979bf732012e03c3fb5607e6564e15b3\1-43382-A-1.wav
esc50_rooster_1-44831-A-1.wav,Rooster,esc50,rooster,cc-by-nc-3.0,C:\Users\ACER\.cache\huggingface\hub\datasets--TigreGotico--ESC-50\snapshots\f4368b7d979bf732012e03c3fb5607e6564e15b3\1-44831-A-1.wav
esc50_rooster_2-100786-A-1.wav,Rooster,esc50,rooster,cc-by-nc-3.0,C:\Users\ACER\.cache\huggingface\hub\datasets--TigreGotico--ESC-50\snapshots\f4368b7d979bf732012e03c3fb5607e6564e15b3\2-100786-A-1.wav
esc50_rooster_2-65750-A-1.wav,Rooster,esc50,rooster,cc-by-nc-3.0,C:\Users\ACER\.cache\huggingface\hub\datasets--TigreGotico--ESC-50\snapshots\f4368b7d979bf732012e03c3fb5607e6564e15b3\2-65750-A-1.wav
esc50_rooster_2-71162-A-1.wav,Rooster,esc50,rooster,cc-by-nc-3.0,C:\Users\ACER\.cache\huggingface\hub\datasets--TigreGotico--ESC-50\snapshots\f4368b7d979bf732012e03c3fb5607e6564e15b3\2-71162-A-1.wav
esc50_rooster_2-81270-A-1.wav,Rooster,esc50,rooster,cc-by-nc-3.0,C:\Users\ACER\.cache\huggingface\hub\datasets--TigreGotico--ESC-50\snapshots\f4368b7d979bf732012e03c3fb5607e6564e15b3\2-81270-A-1.wav
esc50_rooster_2-95035-A-1.wav,Rooster,esc50,rooster,cc-by-nc-3.0,C:\Users\ACER\.cache\huggingface\hub\datasets--TigreGotico--ESC-50\snapshots\f4368b7d979bf732012e03c3fb5607e6564e15b3\2-95035-A-1.wav
esc50_rooster_2-95258-A-1.wav,Rooster,esc50,rooster,cc-by-nc-3.0,C:\Users\ACER\.cache\huggingface\hub\datasets--TigreGotico--ESC-50\snapshots\f4368b7d979bf732012e03c3fb5607e6564e15b3\2-95258-A-1.wav
esc50_rooster_2-95258-B-1.wav,Rooster,esc50,rooster,cc-by-nc-3.0,C:\Users\ACER\.cache\huggingface\hub\datasets--TigreGotico--ESC-50\snapshots\f4368b7d979bf732012e03c3fb5607e6564e15b3\2-95258-B-1.wav
esc50_rooster_2-96460-A-1.wav,Rooster,esc50,rooster,cc-by-nc-3.0,C:\Users\ACER\.cache\huggingface\hub\datasets--TigreGotico--ESC-50\snapshots\f4368b7d979bf732012e03c3fb5607e6564e15b3\2-96460-A-1.wav
esc50_rooster_3-107219-A-1.wav,Rooster,esc50,rooster,cc-by-nc-3.0,C:\Users\ACER\.cache\huggingface\hub\datasets--TigreGotico--ESC-50\snapshots\f4368b7d979bf732012e03c3fb5607e6564e15b3\3-107219-A-1.wav
esc50_rooster_3-116135-A-1.wav,Rooster,esc50,rooster,cc-by-nc-3.0,C:\Users\ACER\.cache\huggingface\hub\datasets--TigreGotico--ESC-50\snapshots\f4368b7d979bf732012e03c3fb5607e6564e15b3\3-116135-A-1.wav
esc50_rooster_3-134049-A-1.wav,Rooster,esc50,rooster,cc-by-nc-3.0,C:\Users\ACER\.cache\huggingface\hub\datasets--TigreGotico--ESC-50\snapshots\f4368b7d979bf732012e03c3fb5607e6564e15b3\3-134049-A-1.wav
esc50_rooster_3-137152-A-1.wav,Rooster,esc50,rooster,cc-by-nc-3.0,C:\Users\ACER\.cache\huggingface\hub\datasets--TigreGotico--ESC-50\snapshots\f4368b7d979bf732012e03c3fb5607e6564e15b3\3-137152-A-1.wav
esc50_rooster_3-145382-A-1.wav,Rooster,esc50,rooster,cc-by-nc-3.0,C:\Users\ACER\.cache\huggingface\hub\datasets--TigreGotico--ESC-50\snapshots\f4368b7d979bf732012e03c3fb5607e6564e15b3\3-145382-A-1.wav
esc50_rooster_3-149189-A-1.wav,Rooster,esc50,rooster,cc-by-nc-3.0,C:\Users\ACER\.cache\huggingface\hub\datasets--TigreGotico--ESC-50\snapshots\f4368b7d979bf732012e03c3fb5607e6564e15b3\3-149189-A-1.wav
esc50_rooster_3-154957-A-1.wav,Rooster,esc50,rooster,cc-by-nc-3.0,C:\Users\ACER\.cache\huggingface\hub\datasets--TigreGotico--ESC-50\snapshots\f4368b7d979bf732012e03c3fb5607e6564e15b3\3-154957-A-1.wav
esc50_rooster_3-163288-A-1.wav,Rooster,esc50,rooster,cc-by-nc-3.0,C:\Users\ACER\.cache\huggingface\hub\datasets--TigreGotico--ESC-50\snapshots\f4368b7d979bf732012e03c3fb5607e6564e15b3\3-163288-A-1.wav
esc50_rooster_4-164021-A-1.wav,Rooster,esc50,rooster,cc-by-nc-3.0,C:\Users\ACER\.cache\huggingface\hub\datasets--TigreGotico--ESC-50\snapshots\f4368b7d979bf732012e03c3fb5607e6564e15b3\4-164021-A-1.wav
esc50_rooster_4-164064-A-1.wav,Rooster,esc50,rooster,cc-by-nc-3.0,C:\Users\ACER\.cache\huggingface\hub\datasets--TigreGotico--ESC-50\snapshots\f4368b7d979bf732012e03c3fb5607e6564e15b3\4-164064-A-1.wav
esc50_rooster_4-164064-B-1.wav,Rooster,esc50,rooster,cc-by-nc-3.0,C:\Users\ACER\.cache\huggingface\hub\datasets--TigreGotico--ESC-50\snapshots\f4368b7d979bf732012e03c3fb5607e6564e15b3\4-164064-B-1.wav
esc50_rooster_4-164064-C-1.wav,Rooster,esc50,rooster,cc-by-nc-3.0,C:\Users\ACER\.cache\huggingface\hub\datasets--TigreGotico--ESC-50\snapshots\f4368b7d979bf732012e03c3fb5607e6564e15b3\4-164064-C-1.wav
esc50_rooster_4-164859-A-1.wav,Rooster,esc50,rooster,cc-by-nc-3.0,C:\Users\ACER\.cache\huggingface\hub\datasets--TigreGotico--ESC-50\snapshots\f4368b7d979bf732012e03c3fb5607e6564e15b3\4-164859-A-1.wav
esc50_rooster_4-170078-A-1.wav,Rooster,esc50,rooster,cc-by-nc-3.0,C:\Users\ACER\.cache\huggingface\hub\datasets--TigreGotico--ESC-50\snapshots\f4368b7d979bf732012e03c3fb5607e6564e15b3\4-170078-A-1.wav
esc50_rooster_4-183487-A-1.wav,Rooster,esc50,rooster,cc-by-nc-3.0,C:\Users\ACER\.cache\huggingface\hub\datasets--TigreGotico--ESC-50\snapshots\f4368b7d979bf732012e03c3fb5607e6564e15b3\4-183487-A-1.wav
esc50_rooster_4-208021-A-1.wav,Rooster,esc50,rooster,cc-by-nc-3.0,C:\Users\ACER\.cache\huggingface\hub\datasets--TigreGotico--ESC-50\snapshots\f4368b7d979bf732012e03c3fb5607e6564e15b3\4-208021-A-1.wav
esc50_rooster_5-194930-A-1.wav,Rooster,esc50,rooster,cc-by-nc-3.0,C:\Users\ACER\.cache\huggingface\hub\datasets--TigreGotico--ESC-50\snapshots\f4368b7d979bf732012e03c3fb5607e6564e15b3\5-194930-A-1.wav
esc50_rooster_5-194930-B-1.wav,Rooster,esc50,rooster,cc-by-nc-3.0,C:\Users\ACER\.cache\huggingface\hub\datasets--TigreGotico--ESC-50\snapshots\f4368b7d979bf732012e03c3fb5607e6564e15b3\5-194930-B-1.wav
esc50_rooster_5-200334-A-1.wav,Rooster,esc50,rooster,cc-by-nc-3.0,C:\Users\ACER\.cache\huggingface\hub\datasets--TigreGotico--ESC-50\snapshots\f4368b7d979bf732012e03c3fb5607e6564e15b3\5-200334-A-1.wav
esc50_rooster_5-200334-B-1.wav,Rooster,esc50,rooster,cc-by-nc-3.0,C:\Users\ACER\.cache\huggingface\hub\datasets--TigreGotico--ESC-50\snapshots\f4368b7d979bf732012e03c3fb5607e6564e15b3\5-200334-B-1.wav
esc50_rooster_5-200339-A-1.wav,Rooster,esc50,rooster,cc-by-nc-3.0,C:\Users\ACER\.cache\huggingface\hub\datasets--TigreGotico--ESC-50\snapshots\f4368b7d979bf732012e03c3fb5607e6564e15b3\5-200339-A-1.wav
esc50_rooster_5-233160-A-1.wav,Rooster,esc50,rooster,cc-by-nc-3.0,C:\Users\ACER\.cache\huggingface\hub\datasets--TigreGotico--ESC-50\snapshots\f4368b7d979bf732012e03c3fb5607e6564e15b3\5-233160-A-1.wav
esc50_rooster_5-234879-A-1.wav,Rooster,esc50,rooster,cc-by-nc-3.0,C:\Users\ACER\.cache\huggingface\hub\datasets--TigreGotico--ESC-50\snapshots\f4368b7d979bf732012e03c3fb5607e6564e15b3\5-234879-A-1.wav
esc50_rooster_5-234879-B-1.wav,Rooster,esc50,rooster,cc-by-nc-3.0,C:\Users\ACER\.cache\huggingface\hub\datasets--TigreGotico--ESC-50\snapshots\f4368b7d979bf732012e03c3fb5607e6564e15b3\5-234879-B-1.wav
animalqa_rooster_rooster0.wav,Rooster,animalqa,rooster,unspecified,SLLM-multi-hop/AnimalQA:rooster0.wav
animalqa_rooster_rooster1.wav,Rooster,animalqa,rooster,unspecified,SLLM-multi-hop/AnimalQA:rooster1.wav
animalqa_rooster_rooster10.wav,Rooster,animalqa,rooster,unspecified,SLLM-multi-hop/AnimalQA:rooster10.wav
animalqa_rooster_rooster11.wav,Rooster,animalqa,rooster,unspecified,SLLM-multi-hop/AnimalQA:rooster11.wav
animalqa_rooster_rooster12.wav,Rooster,animalqa,rooster,unspecified,SLLM-multi-hop/AnimalQA:rooster12.wav
animalqa_rooster_rooster13.wav,Rooster,animalqa,rooster,unspecified,SLLM-multi-hop/AnimalQA:rooster13.wav
animalqa_rooster_rooster14.wav,Rooster,animalqa,rooster,unspecified,SLLM-multi-hop/AnimalQA:rooster14.wav
animalqa_rooster_rooster15.wav,Rooster,animalqa,rooster,unspecified,SLLM-multi-hop/AnimalQA:rooster15.wav
animalqa_rooster_rooster16.wav,Rooster,animalqa,rooster,unspecified,SLLM-multi-hop/AnimalQA:rooster16.wav
animalqa_rooster_rooster17.wav,Rooster,animalqa,rooster,unspecified,SLLM-multi-hop/AnimalQA:rooster17.wav
animalqa_rooster_rooster18.wav,Rooster,animalqa,rooster,unspecified,SLLM-multi-hop/AnimalQA:rooster18.wav
animalqa_rooster_rooster19.wav,Rooster,animalqa,rooster,unspecified,SLLM-multi-hop/AnimalQA:rooster19.wav
animalqa_rooster_rooster2.wav,Rooster,animalqa,rooster,unspecified,SLLM-multi-hop/AnimalQA:rooster2.wav
animalqa_rooster_rooster20.wav,Rooster,animalqa,rooster,unspecified,SLLM-multi-hop/AnimalQA:rooster20.wav
animalqa_rooster_rooster21.wav,Rooster,animalqa,rooster,unspecified,SLLM-multi-hop/AnimalQA:rooster21.wav
animalqa_rooster_rooster22.wav,Rooster,animalqa,rooster,unspecified,SLLM-multi-hop/AnimalQA:rooster22.wav
animalqa_rooster_rooster23.wav,Rooster,animalqa,rooster,unspecified,SLLM-multi-hop/AnimalQA:rooster23.wav
animalqa_rooster_rooster24.wav,Rooster,animalqa,rooster,unspecified,SLLM-multi-hop/AnimalQA:rooster24.wav
animalqa_rooster_rooster25.wav,Rooster,animalqa,rooster,unspecified,SLLM-multi-hop/AnimalQA:rooster25.wav
animalqa_rooster_rooster26.wav,Rooster,animalqa,rooster,unspecified,SLLM-multi-hop/AnimalQA:rooster26.wav
animalqa_rooster_rooster27.wav,Rooster,animalqa,rooster,unspecified,SLLM-multi-hop/AnimalQA:rooster27.wav
animalqa_rooster_rooster28.wav,Rooster,animalqa,rooster,unspecified,SLLM-multi-hop/AnimalQA:rooster28.wav
animalqa_rooster_rooster29.wav,Rooster,animalqa,rooster,unspecified,SLLM-multi-hop/AnimalQA:rooster29.wav
animalqa_rooster_rooster3.wav,Rooster,animalqa,rooster,unspecified,SLLM-multi-hop/AnimalQA:rooster3.wav
animalqa_rooster_rooster30.wav,Rooster,animalqa,rooster,unspecified,SLLM-multi-hop/AnimalQA:rooster30.wav
animalqa_rooster_rooster31.wav,Rooster,animalqa,rooster,unspecified,SLLM-multi-hop/AnimalQA:rooster31.wav
animalqa_rooster_rooster32.wav,Rooster,animalqa,rooster,unspecified,SLLM-multi-hop/AnimalQA:rooster32.wav
animalqa_rooster_rooster33.wav,Rooster,animalqa,rooster,unspecified,SLLM-multi-hop/AnimalQA:rooster33.wav
animalqa_rooster_rooster34.wav,Rooster,animalqa,rooster,unspecified,SLLM-multi-hop/AnimalQA:rooster34.wav
animalqa_rooster_rooster35.wav,Rooster,animalqa,rooster,unspecified,SLLM-multi-hop/AnimalQA:rooster35.wav
animalqa_rooster_rooster36.wav,Rooster,animalqa,rooster,unspecified,SLLM-multi-hop/AnimalQA:rooster36.wav
animalqa_rooster_rooster37.wav,Rooster,animalqa,rooster,unspecified,SLLM-multi-hop/AnimalQA:rooster37.wav
animalqa_rooster_rooster38.wav,Rooster,animalqa,rooster,unspecified,SLLM-multi-hop/AnimalQA:rooster38.wav
animalqa_rooster_rooster39.wav,Rooster,animalqa,rooster,unspecified,SLLM-multi-hop/AnimalQA:rooster39.wav
animalqa_rooster_rooster4.wav,Rooster,animalqa,rooster,unspecified,SLLM-multi-hop/AnimalQA:rooster4.wav
animalqa_rooster_rooster5.wav,Rooster,animalqa,rooster,unspecified,SLLM-multi-hop/AnimalQA:rooster5.wav
animalqa_rooster_rooster6.wav,Rooster,animalqa,rooster,unspecified,SLLM-multi-hop/AnimalQA:rooster6.wav
animalqa_rooster_rooster7.wav,Rooster,animalqa,rooster,unspecified,SLLM-multi-hop/AnimalQA:rooster7.wav
animalqa_rooster_rooster8.wav,Rooster,animalqa,rooster,unspecified,SLLM-multi-hop/AnimalQA:rooster8.wav
animalqa_rooster_rooster9.wav,Rooster,animalqa,rooster,unspecified,SLLM-multi-hop/AnimalQA:rooster9.wav
dspvt_rooster_2-95258-B-1.wav,Rooster,dynamicsuperb_private,rooster,unspecified,DynamicSuperbPrivate/EnvironmentalSoundClassification_ESC50-Animals_TTS:2-95258-B-1.wav
dspvt_rooster_5-194930-A-1.wav,Rooster,dynamicsuperb_private,rooster,unspecified,DynamicSuperbPrivate/EnvironmentalSoundClassification_ESC50-Animals_TTS:5-194930-A-1.wav
dspvt_rooster_4-208021-A-1.wav,Rooster,dynamicsuperb_private,rooster,unspecified,DynamicSuperbPrivate/EnvironmentalSoundClassification_ESC50-Animals_TTS:4-208021-A-1.wav
dspvt_rooster_5-200339-A-1.wav,Rooster,dynamicsuperb_private,rooster,unspecified,DynamicSuperbPrivate/EnvironmentalSoundClassification_ESC50-Animals_TTS:5-200339-A-1.wav
dspvt_rooster_2-81270-A-1.wav,Rooster,dynamicsuperb_private,rooster,unspecified,DynamicSuperbPrivate/EnvironmentalSoundClassification_ESC50-Animals_TTS:2-81270-A-1.wav
dspvt_rooster_4-164064-A-1.wav,Rooster,dynamicsuperb_private,rooster,unspecified,DynamicSuperbPrivate/EnvironmentalSoundClassification_ESC50-Animals_TTS:4-164064-A-1.wav
dspvt_rooster_2-96460-A-1.wav,Rooster,dynamicsuperb_private,rooster,unspecified,DynamicSuperbPrivate/EnvironmentalSoundClassification_ESC50-Animals_TTS:2-96460-A-1.wav
dspvt_rooster_2-71162-A-1.wav,Rooster,dynamicsuperb_private,rooster,unspecified,DynamicSuperbPrivate/EnvironmentalSoundClassification_ESC50-Animals_TTS:2-71162-A-1.wav
dspvt_rooster_5-200334-A-1.wav,Rooster,dynamicsuperb_private,rooster,unspecified,DynamicSuperbPrivate/EnvironmentalSoundClassification_ESC50-Animals_TTS:5-200334-A-1.wav
dspvt_rooster_3-154957-A-1.wav,Rooster,dynamicsuperb_private,rooster,unspecified,DynamicSuperbPrivate/EnvironmentalSoundClassification_ESC50-Animals_TTS:3-154957-A-1.wav
dspvt_rooster_3-145382-A-1.wav,Rooster,dynamicsuperb_private,rooster,unspecified,DynamicSuperbPrivate/EnvironmentalSoundClassification_ESC50-Animals_TTS:3-145382-A-1.wav
dspvt_rooster_5-194930-B-1.wav,Rooster,dynamicsuperb_private,rooster,unspecified,DynamicSuperbPrivate/EnvironmentalSoundClassification_ESC50-Animals_TTS:5-194930-B-1.wav
dspvt_rooster_5-234879-A-1.wav,Rooster,dynamicsuperb_private,rooster,unspecified,DynamicSuperbPrivate/EnvironmentalSoundClassification_ESC50-Animals_TTS:5-234879-A-1.wav
dspvt_rooster_5-233160-A-1.wav,Rooster,dynamicsuperb_private,rooster,unspecified,DynamicSuperbPrivate/EnvironmentalSoundClassification_ESC50-Animals_TTS:5-233160-A-1.wav
dspvt_rooster_1-27724-A-1.wav,Rooster,dynamicsuperb_private,rooster,unspecified,DynamicSuperbPrivate/EnvironmentalSoundClassification_ESC50-Animals_TTS:1-27724-A-1.wav
dspvt_rooster_3-116135-A-1.wav,Rooster,dynamicsuperb_private,rooster,unspecified,DynamicSuperbPrivate/EnvironmentalSoundClassification_ESC50-Animals_TTS:3-116135-A-1.wav
dspvt_rooster_3-134049-A-1.wav,Rooster,dynamicsuperb_private,rooster,unspecified,DynamicSuperbPrivate/EnvironmentalSoundClassification_ESC50-Animals_TTS:3-134049-A-1.wav
dspvt_rooster_1-34119-A-1.wav,Rooster,dynamicsuperb_private,rooster,unspecified,DynamicSuperbPrivate/EnvironmentalSoundClassification_ESC50-Animals_TTS:1-34119-A-1.wav
dspvt_rooster_2-100786-A-1.wav,Rooster,dynamicsuperb_private,rooster,unspecified,DynamicSuperbPrivate/EnvironmentalSoundClassification_ESC50-Animals_TTS:2-100786-A-1.wav
dspvt_rooster_4-183487-A-1.wav,Rooster,dynamicsuperb_private,rooster,unspecified,DynamicSuperbPrivate/EnvironmentalSoundClassification_ESC50-Animals_TTS:4-183487-A-1.wav
sounddino_two-dogs-barking-at-a-stranger.wav,Dog,sounddino_curated,Dog,site-download,https://sounddino.com/mp3/18/two-dogs-barking-at-a-stranger.mp3
sounddino_dog-growling.wav,Dog,sounddino_curated,Dog,site-download,https://sounddino.com/mp3/18/the-sound-of-a-dog-growling.mp3
sounddino_dog-growls-viciously-3d-sound.wav,Dog,sounddino_curated,Dog,site-download,https://sounddino.com/mp3/18/dog-growls-viciously---3d-sound.mp3
sounddino_guard-dog-on-chain.wav,Dog,sounddino_curated,Dog,site-download,https://sounddino.com/mp3/18/barking-and-growling-of-a-dog-that-stands-on-a-chain-and-guards-a-private-house.mp3
sounddino_aggressive-growl-small-dog.wav,Dog,sounddino_curated,Dog,site-download,https://sounddino.com/mp3/18/aggressive-growl-of-a-small-dog.mp3
sounddino_roar-of-the-dog.wav,Dog,sounddino_curated,Dog,site-download,https://sounddino.com/mp3/18/roar-of-the-dog.mp3
sounddino_domestic-cat-asks-for-food.wav,Cat,sounddino_curated,Cat,site-download,https://sounddino.com/mp3/74/domestic-cat-asks-for-food.mp3
sounddino_cry-of-a-hungry-cat.wav,Cat,sounddino_curated,Cat,site-download,https://sounddino.com/mp3/74/cry-of-a-hungry-cat.mp3
sounddino_big-wild-cat-cry.wav,Cat,sounddino_curated,Cat,site-download,https://sounddino.com/mp3/74/the-cry-of-a-big-wild-cat.mp3
sounddino_wounded-cat-cry-for-help.wav,Cat,sounddino_curated,Cat,site-download,https://sounddino.com/mp3/74/a-pitiful-cry-for-help-from-a-wounded-cat.mp3
sounddino_angry-cat-cry.wav,Cat,sounddino_curated,Cat,site-download,https://sounddino.com/mp3/74/an-angry-cat-cry.mp3
sounddino_furious-cat-hiss.wav,Cat,sounddino_curated,Cat,site-download,https://sounddino.com/mp3/74/furious-cat-hiss.mp3
sounddino_nervous-cry-of-an-angry-cat.wav,Cat,sounddino_curated,Cat,site-download,https://sounddino.com/mp3/74/nervous-cry-of-an-angry-cat.mp3
sounddino_meowing-cat-in-trouble.wav,Cat,sounddino_curated,Cat,site-download,https://sounddino.com/mp3/74/meowing-of-a-cat-in-trouble.mp3
sounddino_angry-cat-scream-after-fight.wav,Cat,sounddino_curated,Cat,site-download,https://sounddino.com/mp3/74/angry-cat-scream-after-a-fight.mp3
sounddino_march-cat-screaming.wav,Cat,sounddino_curated,Cat,site-download,https://sounddino.com/mp3/74/march-cat-screaming.mp3
sounddino_persian-cat-meowing.wav,Cat,sounddino_curated,Cat,site-download,https://sounddino.com/mp3/30/persian-cat-meowing.mp3
sounddino_stressed-cat-meows-and-hisses.wav,Cat,sounddino_curated,Cat,site-download,https://sounddino.com/mp3/19/the-cat-is-stressed-she-meows-and-hisses.mp3
sounddino_single-cat-hissing.wav,Cat,sounddino_curated,Cat,site-download,https://sounddino.com/mp3/19/single-cat-hissing-sound.mp3
sounddino_cat-meows.wav,Cat,sounddino_curated,Cat,site-download,https://sounddino.com/mp3/84/cat-meows.mp3
sounddino_repeated-mooing.wav,Cow,sounddino_curated,Cow,site-download,https://sounddino.com/mp3/74/repeated-mooing.mp3
sounddino_village-birds-cicadas-lowing-cows.wav,Cow,sounddino_curated,Cow,site-download,https://sounddino.com/mp3/35/village-birds-cicadas-lowing-cows.mp3
sounddino_nature-birds-lowing-cows-in-the-pasture.wav,Cow,sounddino_curated,Cow,site-download,https://sounddino.com/mp3/42/nature-birds-lowing-cows-in-the-pasture.mp3
sounddino_the-lowing-of-a-cow.wav,Cow,sounddino_curated,Cow,site-download,https://sounddino.com/mp3/40/the-lowing-of-a-cow.mp3
sounddino_learn-to-name-a-cow.wav,Cow,sounddino_curated,Cow,site-download,https://sounddino.com/mp3/38/learn-to-name-a-cow.mp3
sounddino_village-birds-cows-goats-chickens-in-the-distance.wav,Cow,sounddino_curated,Cow,site-download,https://sounddino.com/mp3/35/village-birds-cows-goats-chickens-in-the-distance.mp3
sounddino_on-the-farm-roosters-cows-birds-in-the-background.wav,Cow,sounddino_curated,Cow,site-download,https://sounddino.com/mp3/31/on-the-farm-roosters-cows-birds-in-the-background.mp3
sounddino_the-sound-of-a-cow-being-milked.wav,Cow,sounddino_curated,Cow,site-download,https://sounddino.com/mp3/31/the-sound-of-a-cow-being-milked.mp3
sounddino_milking-a-cow-against-the-background-of-mooing.wav,Cow,sounddino_curated,Cow,site-download,https://sounddino.com/mp3/31/milking-a-cow-against-the-background-of-mooing.mp3
sounddino_cows-and-bulls.wav,Cow,sounddino_curated,Cow,site-download,https://sounddino.com/mp3/31/cows-and-bulls.mp3
sounddino_cows-on-the-farm.wav,Cow,sounddino_curated,Cow,site-download,https://sounddino.com/mp3/31/cows-on-the-farm.mp3
sounddino_prolonged-bleating-of-an-old-sheep.wav,Sheep,sounddino_curated,Sheep,site-download,https://sounddino.com/mp3/45/prolonged-bleating-of-an-old-sheep.mp3
sounddino_the-sound-of-sheep-in-a-barn.wav,Sheep,sounddino_curated,Sheep,site-download,https://sounddino.com/mp3/45/the-sound-of-sheep-in-a-barn.mp3
sounddino_a-young-sheep-makes-sounds.wav,Sheep,sounddino_curated,Sheep,site-download,https://sounddino.com/mp3/45/a-young-sheep-makes-sounds.mp3
sounddino_the-bleating-of-several-sheep.wav,Sheep,sounddino_curated,Sheep,site-download,https://sounddino.com/mp3/74/the-bleating-of-several-sheep.mp3
sounddino_a-large-flock-of-sheep-is-led-to-pasture.wav,Sheep,sounddino_curated,Sheep,site-download,https://sounddino.com/mp3/74/a-large-flock-of-sheep-is-led-to-pasture.mp3
sounddino_the-bleating-of-a-flock-of-sheep.wav,Sheep,sounddino_curated,Sheep,site-download,https://sounddino.com/mp3/74/the-bleating-of-a-flock-of-sheep.mp3
sounddino_repeated-bleating-of-a-sheep.wav,Sheep,sounddino_curated,Sheep,site-download,https://sounddino.com/mp3/74/repeated-bleating-of-a-sheep.mp3
sounddino_a-whole-flock-of-sheep-in-a-barn.wav,Sheep,sounddino_curated,Sheep,site-download,https://sounddino.com/mp3/74/a-whole-flock-of-sheep-in-a-barn.mp3
sounddino_sheep-and-sheep-in-a-herd.wav,Sheep,sounddino_curated,Sheep,site-download,https://sounddino.com/mp3/43/sheep-and-sheep-in-a-herd.mp3
sounddino_young-lamb.wav,Sheep,sounddino_curated,Sheep,site-download,https://sounddino.com/mp3/18/the-sound-that-a-young-lamb-makes.mp3
sounddino_barking-dog.wav,Dog,sounddino_curated,Dog,site-download,https://sounddino.com/mp3/18/the-sound-of-a-barking-dog.mp3
sounddino_several-dogs-are-barking.wav,Dog,sounddino_curated,Dog,site-download,https://sounddino.com/mp3/18/several-dogs-are-barking.mp3
sounddino_dogs-barking-at-night.wav,Dog,sounddino_curated,Dog,site-download,https://sounddino.com/mp3/18/the-sound-of-dogs-barking-at-night-somewhere-in-the-private-sector.mp3
sounddino_dog-howling.wav,Dog,sounddino_curated,Dog,site-download,https://sounddino.com/mp3/18/dog-howling.mp3
