file_id,filename,species,filepath,duration_sec,sample_rate,source
cat_0001,cat_local_B_ANI01_MC_FN_SIM01_101.wav,cat,data/processed/cat_local_B_ANI01_MC_FN_SIM01_101.wav,2.0,22050,local
cat_0002,cat_local_B_BRI01_MC_FI_SIM01_101.wav,cat,data/processed/cat_local_B_BRI01_MC_FI_SIM01_101.wav,2.0,22050,local
cat_0003,cat_local_B_BRI01_MC_FI_SIM01_202.wav,cat,data/processed/cat_local_B_BRI01_MC_FI_SIM01_202.wav,2.0,22050,local
cat_0004,cat_local_B_BRI01_MC_FI_SIM01_303.wav,cat,data/processed/cat_local_B_BRI01_MC_FI_SIM01_303.wav,2.0,22050,local
cat_0005,cat_local_B_CAN01_EU_FN_GIA01_102.wav,cat,data/processed/cat_local_B_CAN01_EU_FN_GIA01_102.wav,2.0,22050,local
cat_0006,cat_local_B_CAN01_EU_FN_GIA01_105.wav,cat,data/processed/cat_local_B_CAN01_EU_FN_GIA01_105.wav,2.0,22050,local
cat_0007,cat_local_B_CAN01_EU_FN_GIA01_310.wav,cat,data/processed/cat_local_B_CAN01_EU_FN_GIA01_310.wav,2.0,22050,local
cat_0008,cat_local_B_DAK01_MC_FN_SIM01_301.wav,cat,data/processed/cat_local_B_DAK01_MC_FN_SIM01_301.wav,2.0,22050,local
cat_0009,cat_local_B_IND01_EU_FN_ELI01_103.wav,cat,data/processed/cat_local_B_IND01_EU_FN_ELI01_103.wav,2.0,22050,local
cat_0010,cat_local_B_IND01_EU_FN_ELI01_202.wav,cat,data/processed/cat_local_B_IND01_EU_FN_ELI01_202.wav,2.0,22050,local
cat_0011,cat_local_B_IND01_EU_FN_ELI01_304.wav,cat,data/processed/cat_local_B_IND01_EU_FN_ELI01_304.wav,2.0,22050,local
cat_0012,cat_local_B_MAG01_EU_FN_FED01_301.wav,cat,data/processed/cat_local_B_MAG01_EU_FN_FED01_301.wav,2.0,22050,local
cat_0013,cat_local_B_MAT01_EU_FN_RIT01_204.wav,cat,data/processed/cat_local_B_MAT01_EU_FN_RIT01_204.wav,2.0,22050,local
cat_0014,cat_local_B_MAT01_EU_FN_RIT01_206.wav,cat,data/processed/cat_local_B_MAT01_EU_FN_RIT01_206.wav,2.0,22050,local
cat_0015,cat_local_B_MAT01_EU_FN_RIT01_207.wav,cat,data/processed/cat_local_B_MAT01_EU_FN_RIT01_207.wav,2.0,22050,local
cat_0016,cat_local_B_MIN01_EU_FN_BEN01_101.wav,cat,data/processed/cat_local_B_MIN01_EU_FN_BEN01_101.wav,2.0,22050,local
cat_0017,cat_local_B_MIN01_EU_FN_BEN01_102.wav,cat,data/processed/cat_local_B_MIN01_EU_FN_BEN01_102.wav,2.0,22050,local
cat_0018,cat_local_B_MIN01_EU_FN_BEN01_103.wav,cat,data/processed/cat_local_B_MIN01_EU_FN_BEN01_103.wav,2.0,22050,local
cat_0019,cat_local_B_MIN01_EU_FN_BEN01_104.wav,cat,data/processed/cat_local_B_MIN01_EU_FN_BEN01_104.wav,2.0,22050,local
cat_0020,cat_local_B_NIG01_MC_MN_SIM01_201.wav,cat,data/processed/cat_local_B_NIG01_MC_MN_SIM01_201.wav,2.0,22050,local
cat_0021,cat_local_B_NUL01_MC_MI_SIM01_201.wav,cat,data/processed/cat_local_B_NUL01_MC_MI_SIM01_201.wav,2.0,22050,local
cat_0022,cat_local_B_REG01_EU_FN_GIO01_102.wav,cat,data/processed/cat_local_B_REG01_EU_FN_GIO01_102.wav,2.0,22050,local
cat_0023,cat_local_B_SPI01_EU_MN_NAI01_101.wav,cat,data/processed/cat_local_B_SPI01_EU_MN_NAI01_101.wav,2.0,22050,local
cat_0024,cat_local_B_WHO01_MC_FI_SIM01_103.wav,cat,data/processed/cat_local_B_WHO01_MC_FI_SIM01_103.wav,2.0,22050,local
cat_0025,cat_local_B_WHO01_MC_FI_SIM01_201.wav,cat,data/processed/cat_local_B_WHO01_MC_FI_SIM01_201.wav,2.0,22050,local
cat_0026,cat_local_B_WHO01_MC_FI_SIM01_202.wav,cat,data/processed/cat_local_B_WHO01_MC_FI_SIM01_202.wav,2.0,22050,local
cat_0027,cat_local_B_WHO01_MC_FI_SIM01_302.wav,cat,data/processed/cat_local_B_WHO01_MC_FI_SIM01_302.wav,2.0,22050,local
cat_0028,cat_local_F_BRI01_MC_FI_SIM01_201.wav,cat,data/processed/cat_local_F_BRI01_MC_FI_SIM01_201.wav,2.0,22050,local
cat_0029,cat_local_F_MAT01_EU_FN_RIT01_101.wav,cat,data/processed/cat_local_F_MAT01_EU_FN_RIT01_101.wav,2.0,22050,local
cat_0030,cat_local_F_MAT01_EU_FN_RIT01_301.wav,cat,data/processed/cat_local_F_MAT01_EU_FN_RIT01_301.wav,2.0,22050,local
cat_0031,cat_local_F_REG01_EU_FN_GIO01_201.wav,cat,data/processed/cat_local_F_REG01_EU_FN_GIO01_201.wav,2.0,22050,local
cat_0032,cat_local_F_SPI01_EU_MN_NAI01_102.wav,cat,data/processed/cat_local_F_SPI01_EU_MN_NAI01_102.wav,2.0,22050,local
cat_0033,cat_local_F_SPI01_EU_MN_NAI01_103.wav,cat,data/processed/cat_local_F_SPI01_EU_MN_NAI01_103.wav,2.0,22050,local
cat_0034,cat_local_F_SPI01_EU_MN_NAI01_104.wav,cat,data/processed/cat_local_F_SPI01_EU_MN_NAI01_104.wav,2.0,22050,local
cat_0035,cat_local_F_SPI01_EU_MN_NAI01_201.wav,cat,data/processed/cat_local_F_SPI01_EU_MN_NAI01_201.wav,2.0,22050,local
cat_0036,cat_local_F_SPI01_EU_MN_NAI01_203.wav,cat,data/processed/cat_local_F_SPI01_EU_MN_NAI01_203.wav,2.0,22050,local
cat_0037,cat_local_F_SPI01_EU_MN_NAI01_301.wav,cat,data/processed/cat_local_F_SPI01_EU_MN_NAI01_301.wav,2.0,22050,local
cat_0038,cat_local_F_WHO01_MC_FI_SIM01_101.wav,cat,data/processed/cat_local_F_WHO01_MC_FI_SIM01_101.wav,2.0,22050,local
cat_0039,cat_local_I_ANI01_MC_FN_SIM01_101.wav,cat,data/processed/cat_local_I_ANI01_MC_FN_SIM01_101.wav,2.0,22050,local
cat_0040,cat_local_I_ANI01_MC_FN_SIM01_102.wav,cat,data/processed/cat_local_I_ANI01_MC_FN_SIM01_102.wav,2.0,22050,local
cat_0041,cat_local_I_ANI01_MC_FN_SIM01_103.wav,cat,data/processed/cat_local_I_ANI01_MC_FN_SIM01_103.wav,2.0,22050,local
cat_0042,cat_local_I_ANI01_MC_FN_SIM01_104.wav,cat,data/processed/cat_local_I_ANI01_MC_FN_SIM01_104.wav,2.0,22050,local
cat_0043,cat_local_I_BLE01_EU_FN_DEL01_101.wav,cat,data/processed/cat_local_I_BLE01_EU_FN_DEL01_101.wav,2.0,22050,local
cat_0044,cat_local_I_BLE01_EU_FN_DEL01_202.wav,cat,data/processed/cat_local_I_BLE01_EU_FN_DEL01_202.wav,2.0,22050,local
cat_0045,cat_local_I_BLE01_EU_FN_DEL01_203.wav,cat,data/processed/cat_local_I_BLE01_EU_FN_DEL01_203.wav,2.0,22050,local
cat_0046,cat_local_I_BLE01_EU_FN_DEL01_204.wav,cat,data/processed/cat_local_I_BLE01_EU_FN_DEL01_204.wav,2.0,22050,local
cat_0047,cat_local_I_BLE01_EU_FN_DEL01_206.wav,cat,data/processed/cat_local_I_BLE01_EU_FN_DEL01_206.wav,2.0,22050,local
cat_0048,cat_local_I_BLE01_EU_FN_DEL01_212.wav,cat,data/processed/cat_local_I_BLE01_EU_FN_DEL01_212.wav,2.0,22050,local
cat_0049,cat_local_I_BLE01_EU_FN_DEL01_217.wav,cat,data/processed/cat_local_I_BLE01_EU_FN_DEL01_217.wav,2.0,22050,local
cat_0050,cat_local_I_BLE01_EU_FN_DEL01_218.wav,cat,data/processed/cat_local_I_BLE01_EU_FN_DEL01_218.wav,2.0,22050,local
cat_0051,cat_local_I_BLE01_EU_FN_DEL01_301.wav,cat,data/processed/cat_local_I_BLE01_EU_FN_DEL01_301.wav,2.0,22050,local
cat_0052,cat_local_I_BLE01_EU_FN_DEL01_304.wav,cat,data/processed/cat_local_I_BLE01_EU_FN_DEL01_304.wav,2.0,22050,local
cat_0053,cat_local_I_BLE01_EU_FN_DEL01_305.wav,cat,data/processed/cat_local_I_BLE01_EU_FN_DEL01_305.wav,2.0,22050,local
cat_0054,cat_local_I_BLE01_EU_FN_DEL01_306.wav,cat,data/processed/cat_local_I_BLE01_EU_FN_DEL01_306.wav,2.0,22050,local
cat_0055,cat_local_I_BLE01_EU_FN_DEL01_401.wav,cat,data/processed/cat_local_I_BLE01_EU_FN_DEL01_401.wav,2.0,22050,local
cat_0056,cat_local_I_BLE01_EU_FN_DEL01_405.wav,cat,data/processed/cat_local_I_BLE01_EU_FN_DEL01_405.wav,2.0,22050,local
cat_0057,cat_local_I_BRA01_MC_MN_SIM01_104.wav,cat,data/processed/cat_local_I_BRA01_MC_MN_SIM01_104.wav,2.0,22050,local
cat_0058,cat_local_I_BRA01_MC_MN_SIM01_301.wav,cat,data/processed/cat_local_I_BRA01_MC_MN_SIM01_301.wav,2.0,22050,local
cat_0059,cat_local_I_CAN01_EU_FN_GIA01_205.wav,cat,data/processed/cat_local_I_CAN01_EU_FN_GIA01_205.wav,2.0,22050,local
cat_0060,cat_local_I_CLE01_EU_FN_FER01_101.wav,cat,data/processed/cat_local_I_CLE01_EU_FN_FER01_101.wav,2.0,22050,local
cat_0061,cat_local_I_CLE01_EU_FN_FER01_103.wav,cat,data/processed/cat_local_I_CLE01_EU_FN_FER01_103.wav,2.0,22050,local
cat_0062,cat_local_I_CLE01_EU_FN_FER01_107.wav,cat,data/processed/cat_local_I_CLE01_EU_FN_FER01_107.wav,2.0,22050,local
cat_0063,cat_local_I_CLE01_EU_FN_FER01_109.wav,cat,data/processed/cat_local_I_CLE01_EU_FN_FER01_109.wav,2.0,22050,local
cat_0064,cat_local_I_CLE01_EU_FN_FER01_110.wav,cat,data/processed/cat_local_I_CLE01_EU_FN_FER01_110.wav,2.0,22050,local
cat_0065,cat_local_I_CLE01_EU_FN_FER01_115.wav,cat,data/processed/cat_local_I_CLE01_EU_FN_FER01_115.wav,2.0,22050,local
cat_0066,cat_local_I_CLE01_EU_FN_FER01_116.wav,cat,data/processed/cat_local_I_CLE01_EU_FN_FER01_116.wav,2.0,22050,local
cat_0067,cat_local_I_CLE01_EU_FN_FER01_118.wav,cat,data/processed/cat_local_I_CLE01_EU_FN_FER01_118.wav,2.0,22050,local
cat_0068,cat_local_I_CLE01_EU_FN_FER01_119.wav,cat,data/processed/cat_local_I_CLE01_EU_FN_FER01_119.wav,2.0,22050,local
cat_0069,cat_local_I_CLE01_EU_FN_FER01_120.wav,cat,data/processed/cat_local_I_CLE01_EU_FN_FER01_120.wav,2.0,22050,local
cat_0070,cat_local_I_DAK01_MC_FN_SIM01_303.wav,cat,data/processed/cat_local_I_DAK01_MC_FN_SIM01_303.wav,2.0,22050,local
cat_0071,cat_local_I_MAG01_EU_FN_FED01_101.wav,cat,data/processed/cat_local_I_MAG01_EU_FN_FED01_101.wav,2.0,22050,local
cat_0072,cat_local_I_MAT01_EU_FN_RIT01_201.wav,cat,data/processed/cat_local_I_MAT01_EU_FN_RIT01_201.wav,2.0,22050,local
cat_0073,cat_local_I_MAT01_EU_FN_RIT01_203.wav,cat,data/processed/cat_local_I_MAT01_EU_FN_RIT01_203.wav,2.0,22050,local
cat_0074,cat_local_I_MAT01_EU_FN_RIT01_207.wav,cat,data/processed/cat_local_I_MAT01_EU_FN_RIT01_207.wav,2.0,22050,local
cat_0075,cat_local_I_MAT01_EU_FN_RIT01_208.wav,cat,data/processed/cat_local_I_MAT01_EU_FN_RIT01_208.wav,2.0,22050,local
cat_0076,cat_local_I_MAT01_EU_FN_RIT01_210.wav,cat,data/processed/cat_local_I_MAT01_EU_FN_RIT01_210.wav,2.0,22050,local
cat_0077,cat_local_I_MIN01_EU_FN_BEN01_101.wav,cat,data/processed/cat_local_I_MIN01_EU_FN_BEN01_101.wav,2.0,22050,local
cat_0078,cat_local_I_MIN01_EU_FN_BEN01_103.wav,cat,data/processed/cat_local_I_MIN01_EU_FN_BEN01_103.wav,2.0,22050,local
cat_0079,cat_local_I_MIN01_EU_FN_BEN01_104.wav,cat,data/processed/cat_local_I_MIN01_EU_FN_BEN01_104.wav,2.0,22050,local
cat_0080,cat_local_I_MIN01_EU_FN_BEN01_105.wav,cat,data/processed/cat_local_I_MIN01_EU_FN_BEN01_105.wav,2.0,22050,local
cat_0081,cat_local_I_MIN01_EU_FN_BEN01_106.wav,cat,data/processed/cat_local_I_MIN01_EU_FN_BEN01_106.wav,2.0,22050,local
cat_0082,cat_local_I_NUL01_MC_MI_SIM01_203.wav,cat,data/processed/cat_local_I_NUL01_MC_MI_SIM01_203.wav,2.0,22050,local
cat_0083,cat_local_I_NUL01_MC_MI_SIM01_204.wav,cat,data/processed/cat_local_I_NUL01_MC_MI_SIM01_204.wav,2.0,22050,local
cat_0084,cat_local_I_NUL01_MC_MI_SIM01_205.wav,cat,data/processed/cat_local_I_NUL01_MC_MI_SIM01_205.wav,2.0,22050,local
cat_0085,cat_local_I_SPI01_EU_MN_NAI01_101.wav,cat,data/processed/cat_local_I_SPI01_EU_MN_NAI01_101.wav,2.0,22050,local
cat_0086,cat_local_I_SPI01_EU_MN_NAI01_102.wav,cat,data/processed/cat_local_I_SPI01_EU_MN_NAI01_102.wav,2.0,22050,local
cat_0087,cat_local_I_SPI01_EU_MN_NAI01_103.wav,cat,data/processed/cat_local_I_SPI01_EU_MN_NAI01_103.wav,2.0,22050,local
cat_0088,cat_local_I_SPI01_EU_MN_NAI01_104.wav,cat,data/processed/cat_local_I_SPI01_EU_MN_NAI01_104.wav,2.0,22050,local
cat_0089,cat_local_I_SPI01_EU_MN_NAI01_105.wav,cat,data/processed/cat_local_I_SPI01_EU_MN_NAI01_105.wav,2.0,22050,local
cat_0090,cat_local_I_SPI01_EU_MN_NAI01_201.wav,cat,data/processed/cat_local_I_SPI01_EU_MN_NAI01_201.wav,2.0,22050,local
cat_0091,cat_local_I_SPI01_EU_MN_NAI01_202.wav,cat,data/processed/cat_local_I_SPI01_EU_MN_NAI01_202.wav,2.0,22050,local
cat_0092,cat_local_I_SPI01_EU_MN_NAI01_203.wav,cat,data/processed/cat_local_I_SPI01_EU_MN_NAI01_203.wav,2.0,22050,local
cat_0093,cat_local_I_SPI01_EU_MN_NAI01_204.wav,cat,data/processed/cat_local_I_SPI01_EU_MN_NAI01_204.wav,2.0,22050,local
cat_0094,cat_local_I_SPI01_EU_MN_NAI01_205.wav,cat,data/processed/cat_local_I_SPI01_EU_MN_NAI01_205.wav,2.0,22050,local
cat_0095,cat_local_I_SPI01_EU_MN_NAI01_301.wav,cat,data/processed/cat_local_I_SPI01_EU_MN_NAI01_301.wav,2.0,22050,local
cat_0096,cat_local_I_SPI01_EU_MN_NAI01_302.wav,cat,data/processed/cat_local_I_SPI01_EU_MN_NAI01_302.wav,2.0,22050,local
cat_0097,cat_local_I_SPI01_EU_MN_NAI01_303.wav,cat,data/processed/cat_local_I_SPI01_EU_MN_NAI01_303.wav,2.0,22050,local
cat_0098,cat_local_I_SPI01_EU_MN_NAI01_304.wav,cat,data/processed/cat_local_I_SPI01_EU_MN_NAI01_304.wav,2.0,22050,local
cat_0099,cat_local_I_SPI01_EU_MN_NAI01_305.wav,cat,data/processed/cat_local_I_SPI01_EU_MN_NAI01_305.wav,2.0,22050,local
cat_0100,cat_local_I_WHO01_MC_FI_SIM01_101.wav,cat,data/processed/cat_local_I_WHO01_MC_FI_SIM01_101.wav,2.0,22050,local
cat_0101,cat_local_I_WHO01_MC_FI_SIM01_105.wav,cat,data/processed/cat_local_I_WHO01_MC_FI_SIM01_105.wav,2.0,22050,local
cat_0102,cat_local_I_WHO01_MC_FI_SIM01_106.wav,cat,data/processed/cat_local_I_WHO01_MC_FI_SIM01_106.wav,2.0,22050,local
cat_0103,cat_local_I_WHO01_MC_FI_SIM01_108.wav,cat,data/processed/cat_local_I_WHO01_MC_FI_SIM01_108.wav,2.0,22050,local
cat_0104,cat_local_I_WHO01_MC_FI_SIM01_116.wav,cat,data/processed/cat_local_I_WHO01_MC_FI_SIM01_116.wav,2.0,22050,local
cat_0105,cat_local_I_WHO01_MC_FI_SIM01_201.wav,cat,data/processed/cat_local_I_WHO01_MC_FI_SIM01_201.wav,2.0,22050,local
cat_0106,cat_local_esc50_cat_1-34094-A-5.wav,cat,data/processed/cat_local_esc50_cat_1-34094-A-5.wav,2.0,22050,esc50
cat_0107,cat_local_esc50_cat_1-34094-B-5.wav,cat,data/processed/cat_local_esc50_cat_1-34094-B-5.wav,2.0,22050,esc50
cat_0108,cat_local_esc50_cat_1-47819-A-5.wav,cat,data/processed/cat_local_esc50_cat_1-47819-A-5.wav,2.0,22050,esc50
cat_0109,cat_local_esc50_cat_1-47819-B-5.wav,cat,data/processed/cat_local_esc50_cat_1-47819-B-5.wav,2.0,22050,esc50
cat_0110,cat_local_esc50_cat_1-47819-C-5.wav,cat,data/processed/cat_local_esc50_cat_1-47819-C-5.wav,2.0,22050,esc50
cat_0111,cat_local_esc50_cat_1-56380-A-5.wav,cat,data/processed/cat_local_esc50_cat_1-56380-A-5.wav,2.0,22050,esc50
cat_0112,cat_local_esc50_cat_1-56380-B-5.wav,cat,data/processed/cat_local_esc50_cat_1-56380-B-5.wav,2.0,22050,esc50
cat_0113,cat_local_esc50_cat_1-79113-A-5.wav,cat,data/processed/cat_local_esc50_cat_1-79113-A-5.wav,2.0,22050,esc50
cat_0114,cat_local_esc50_cat_2-110010-A-5.wav,cat,data/processed/cat_local_esc50_cat_2-110010-A-5.wav,2.0,22050,esc50
cat_0115,cat_local_esc50_cat_2-110011-A-5.wav,cat,data/processed/cat_local_esc50_cat_2-110011-A-5.wav,2.0,22050,esc50
cat_0116,cat_local_esc50_cat_2-69131-A-5.wav,cat,data/processed/cat_local_esc50_cat_2-69131-A-5.wav,2.0,22050,esc50
cat_0117,cat_local_esc50_cat_2-69131-B-5.wav,cat,data/processed/cat_local_esc50_cat_2-69131-B-5.wav,2.0,22050,esc50
cat_0118,cat_local_esc50_cat_2-82274-A-5.wav,cat,data/processed/cat_local_esc50_cat_2-82274-A-5.wav,2.0,22050,esc50
cat_0119,cat_local_esc50_cat_2-82274-B-5.wav,cat,data/processed/cat_local_esc50_cat_2-82274-B-5.wav,2.0,22050,esc50
cat_0120,cat_local_esc50_cat_2-83934-A-5.wav,cat,data/processed/cat_local_esc50_cat_2-83934-A-5.wav,2.0,22050,esc50
cat_0121,cat_local_esc50_cat_2-83934-B-5.wav,cat,data/processed/cat_local_esc50_cat_2-83934-B-5.wav,2.0,22050,esc50
cat_0122,cat_local_esc50_cat_3-146964-A-5.wav,cat,data/processed/cat_local_esc50_cat_3-146964-A-5.wav,2.0,22050,esc50
cat_0123,cat_local_esc50_cat_3-146965-A-5.wav,cat,data/processed/cat_local_esc50_cat_3-146965-A-5.wav,2.0,22050,esc50
cat_0124,cat_local_esc50_cat_3-146972-A-5.wav,cat,data/processed/cat_local_esc50_cat_3-146972-A-5.wav,2.0,22050,esc50
cat_0125,cat_local_esc50_cat_3-95694-A-5.wav,cat,data/processed/cat_local_esc50_cat_3-95694-A-5.wav,2.0,22050,esc50
cat_0126,cat_local_esc50_cat_3-95695-A-5.wav,cat,data/processed/cat_local_esc50_cat_3-95695-A-5.wav,2.0,22050,esc50
cat_0127,cat_local_esc50_cat_3-95695-B-5.wav,cat,data/processed/cat_local_esc50_cat_3-95695-B-5.wav,2.0,22050,esc50
cat_0128,cat_local_esc50_cat_3-95697-A-5.wav,cat,data/processed/cat_local_esc50_cat_3-95697-A-5.wav,2.0,22050,esc50
cat_0129,cat_local_esc50_cat_3-95698-A-5.wav,cat,data/processed/cat_local_esc50_cat_3-95698-A-5.wav,2.0,22050,esc50
cat_0130,cat_local_esc50_cat_4-120160-A-5.wav,cat,data/processed/cat_local_esc50_cat_4-120160-A-5.wav,2.0,22050,esc50
cat_0131,cat_local_esc50_cat_4-133047-A-5.wav,cat,data/processed/cat_local_esc50_cat_4-133047-A-5.wav,2.0,22050,esc50
cat_0132,cat_local_esc50_cat_4-133047-B-5.wav,cat,data/processed/cat_local_esc50_cat_4-133047-B-5.wav,2.0,22050,esc50
cat_0133,cat_local_esc50_cat_4-133047-C-5.wav,cat,data/processed/cat_local_esc50_cat_4-133047-C-5.wav,2.0,22050,esc50
cat_0134,cat_local_esc50_cat_4-149940-A-5.wav,cat,data/processed/cat_local_esc50_cat_4-149940-A-5.wav,2.0,22050,esc50
cat_0135,cat_local_esc50_cat_4-149940-B-5.wav,cat,data/processed/cat_local_esc50_cat_4-149940-B-5.wav,2.0,22050,esc50
cat_0136,cat_local_esc50_cat_4-161303-A-5.wav,cat,data/processed/cat_local_esc50_cat_4-161303-A-5.wav,2.0,22050,esc50
cat_0137,cat_local_esc50_cat_4-161303-B-5.wav,cat,data/processed/cat_local_esc50_cat_4-161303-B-5.wav,2.0,22050,esc50
cat_0138,cat_local_esc50_cat_5-169983-A-5.wav,cat,data/processed/cat_local_esc50_cat_5-169983-A-5.wav,2.0,22050,esc50
cat_0139,cat_local_esc50_cat_5-172299-A-5.wav,cat,data/processed/cat_local_esc50_cat_5-172299-A-5.wav,2.0,22050,esc50
cat_0140,cat_local_esc50_cat_5-172639-A-5.wav,cat,data/processed/cat_local_esc50_cat_5-172639-A-5.wav,2.0,22050,esc50
cat_0141,cat_local_esc50_cat_5-177614-A-5.wav,cat,data/processed/cat_local_esc50_cat_5-177614-A-5.wav,2.0,22050,esc50
cat_0142,cat_local_esc50_cat_5-214759-A-5.wav,cat,data/processed/cat_local_esc50_cat_5-214759-A-5.wav,2.0,22050,esc50
cat_0143,cat_local_esc50_cat_5-214759-B-5.wav,cat,data/processed/cat_local_esc50_cat_5-214759-B-5.wav,2.0,22050,esc50
cat_0144,cat_local_esc50_cat_5-256452-A-5.wav,cat,data/processed/cat_local_esc50_cat_5-256452-A-5.wav,2.0,22050,esc50
cat_0145,cat_local_esc50_cat_5-259169-A-5.wav,cat,data/processed/cat_local_esc50_cat_5-259169-A-5.wav,2.0,22050,esc50
cat_0146,cat_sounddino_angry-cat-cry.wav,cat,data/processed/cat_sounddino_angry-cat-cry.wav,2.0,22050,sounddino
cat_0147,cat_sounddino_angry-cat-scream-after-fight.wav,cat,data/processed/cat_sounddino_angry-cat-scream-after-fight.wav,2.0,22050,sounddino
cat_0148,cat_sounddino_big-wild-cat-cry.wav,cat,data/processed/cat_sounddino_big-wild-cat-cry.wav,2.0,22050,sounddino
cat_0149,cat_sounddino_cat-meows.wav,cat,data/processed/cat_sounddino_cat-meows.wav,2.0,22050,sounddino
cat_0150,cat_sounddino_cry-of-a-hungry-cat.wav,cat,data/processed/cat_sounddino_cry-of-a-hungry-cat.wav,2.0,22050,sounddino
cat_0151,cat_sounddino_domestic-cat-asks-for-food.wav,cat,data/processed/cat_sounddino_domestic-cat-asks-for-food.wav,2.0,22050,sounddino
cat_0152,cat_sounddino_furious-cat-hiss.wav,cat,data/processed/cat_sounddino_furious-cat-hiss.wav,2.0,22050,sounddino
cat_0153,cat_sounddino_march-cat-screaming.wav,cat,data/processed/cat_sounddino_march-cat-screaming.wav,2.0,22050,sounddino
cat_0154,cat_sounddino_meowing-cat-in-trouble.wav,cat,data/processed/cat_sounddino_meowing-cat-in-trouble.wav,2.0,22050,sounddino
cat_0155,cat_sounddino_nervous-cry-of-an-angry-cat.wav,cat,data/processed/cat_sounddino_nervous-cry-of-an-angry-cat.wav,2.0,22050,sounddino
cat_0156,cat_sounddino_persian-cat-meowing.wav,cat,data/processed/cat_sounddino_persian-cat-meowing.wav,2.0,22050,sounddino
cat_0157,cat_sounddino_single-cat-hissing.wav,cat,data/processed/cat_sounddino_single-cat-hissing.wav,2.0,22050,sounddino
cat_0158,cat_sounddino_stressed-cat-meows-and-hisses.wav,cat,data/processed/cat_sounddino_stressed-cat-meows-and-hisses.wav,2.0,22050,sounddino
cat_0159,cat_sounddino_wounded-cat-cry-for-help.wav,cat,data/processed/cat_sounddino_wounded-cat-cry-for-help.wav,2.0,22050,sounddino
cow_0001,cow_local_1-16568-A.wav,cow,data/processed/cow_local_1-16568-A.wav,2.0,22050,local
cow_0002,cow_local_1-202111-A.wav,cow,data/processed/cow_local_1-202111-A.wav,2.0,22050,local
cow_0003,cow_local_1-58277-A.wav,cow,data/processed/cow_local_1-58277-A.wav,2.0,22050,local
cow_0004,cow_local_1-69422-A.wav,cow,data/processed/cow_local_1-69422-A.wav,2.0,22050,local
cow_0005,cow_local_1-69641-A.wav,cow,data/processed/cow_local_1-69641-A.wav,2.0,22050,local
cow_0006,cow_local_1-77160-A.wav,cow,data/processed/cow_local_1-77160-A.wav,2.0,22050,local
cow_0007,cow_local_1-77241-A.wav,cow,data/processed/cow_local_1-77241-A.wav,2.0,22050,local
cow_0008,cow_local_1-81269-A.wav,cow,data/processed/cow_local_1-81269-A.wav,2.0,22050,local
cow_0009,cow_local_2-103423-A.wav,cow,data/processed/cow_local_2-103423-A.wav,2.0,22050,local
cow_0010,cow_local_2-103424-A.wav,cow,data/processed/cow_local_2-103424-A.wav,2.0,22050,local
cow_0011,cow_local_2-103426-A.wav,cow,data/processed/cow_local_2-103426-A.wav,2.0,22050,local
cow_0012,cow_local_2-103427-A.wav,cow,data/processed/cow_local_2-103427-A.wav,2.0,22050,local
cow_0013,cow_local_2-103428-A.wav,cow,data/processed/cow_local_2-103428-A.wav,2.0,22050,local
cow_0014,cow_local_2-104877-A.wav,cow,data/processed/cow_local_2-104877-A.wav,2.0,22050,local
cow_0015,cow_local_2-117795-A.wav,cow,data/processed/cow_local_2-117795-A.wav,2.0,22050,local
cow_0016,cow_local_2-117795-B.wav,cow,data/processed/cow_local_2-117795-B.wav,2.0,22050,local
cow_0017,cow_local_3-124376-A.wav,cow,data/processed/cow_local_3-124376-A.wav,2.0,22050,local
cow_0018,cow_local_3-124376-B.wav,cow,data/processed/cow_local_3-124376-B.wav,2.0,22050,local
cow_0019,cow_local_3-126358-A.wav,cow,data/processed/cow_local_3-126358-A.wav,2.0,22050,local
cow_0020,cow_local_3-126358-B.wav,cow,data/processed/cow_local_3-126358-B.wav,2.0,22050,local
cow_0021,cow_local_3-152039-A.wav,cow,data/processed/cow_local_3-152039-A.wav,2.0,22050,local
cow_0022,cow_local_3-152039-B.wav,cow,data/processed/cow_local_3-152039-B.wav,2.0,22050,local
cow_0023,cow_local_3-160993-A.wav,cow,data/processed/cow_local_3-160993-A.wav,2.0,22050,local
cow_0024,cow_local_3-163727-A.wav,cow,data/processed/cow_local_3-163727-A.wav,2.0,22050,local
cow_0025,cow_local_4-174860-A.wav,cow,data/processed/cow_local_4-174860-A.wav,2.0,22050,local
cow_0026,cow_local_4-174860-B.wav,cow,data/processed/cow_local_4-174860-B.wav,2.0,22050,local
cow_0027,cow_local_4-181955-A.wav,cow,data/processed/cow_local_4-181955-A.wav,2.0,22050,local
cow_0028,cow_local_4-181955-B.wav,cow,data/processed/cow_local_4-181955-B.wav,2.0,22050,local
cow_0029,cow_local_4-181955-C.wav,cow,data/processed/cow_local_4-181955-C.wav,2.0,22050,local
cow_0030,cow_local_4-213915-A.wav,cow,data/processed/cow_local_4-213915-A.wav,2.0,22050,local
cow_0031,cow_local_4-213915-B.wav,cow,data/processed/cow_local_4-213915-B.wav,2.0,22050,local
cow_0032,cow_local_4-213915-C.wav,cow,data/processed/cow_local_4-213915-C.wav,2.0,22050,local
cow_0033,cow_local_5-194899-A.wav,cow,data/processed/cow_local_5-194899-A.wav,2.0,22050,local
cow_0034,cow_local_5-194899-B.wav,cow,data/processed/cow_local_5-194899-B.wav,2.0,22050,local
cow_0035,cow_local_5-194899-C.wav,cow,data/processed/cow_local_5-194899-C.wav,2.0,22050,local
cow_0036,cow_local_5-194899-D.wav,cow,data/processed/cow_local_5-194899-D.wav,2.0,22050,local
cow_0037,cow_local_5-202795-A.wav,cow,data/processed/cow_local_5-202795-A.wav,2.0,22050,local
cow_0038,cow_local_5-242492-A.wav,cow,data/processed/cow_local_5-242492-A.wav,2.0,22050,local
cow_0039,cow_local_5-253085-A.wav,cow,data/processed/cow_local_5-253085-A.wav,2.0,22050,local
cow_0040,cow_local_5-253085-B.wav,cow,data/processed/cow_local_5-253085-B.wav,2.0,22050,local
cow_0041,cow_local_Cow_13.wav,cow,data/processed/cow_local_Cow_13.wav,2.0,22050,local
cow_0042,cow_local_Cow_18.wav,cow,data/processed/cow_local_Cow_18.wav,2.0,22050,local
cow_0043,cow_local_Cow_19.wav,cow,data/processed/cow_local_Cow_19.wav,2.0,22050,local
cow_0044,cow_local_Cow_20.wav,cow,data/processed/cow_local_Cow_20.wav,2.0,22050,local
cow_0045,cow_local_Cow_21.wav,cow,data/processed/cow_local_Cow_21.wav,2.0,22050,local
cow_0046,cow_local_Cow_24.wav,cow,data/processed/cow_local_Cow_24.wav,2.0,22050,local
cow_0047,cow_local_Cow_32.wav,cow,data/processed/cow_local_Cow_32.wav,2.0,22050,local
cow_0048,cow_local_Cow_33.wav,cow,data/processed/cow_local_Cow_33.wav,2.0,22050,local
cow_0049,cow_local_Cow_35.wav,cow,data/processed/cow_local_Cow_35.wav,2.0,22050,local
cow_0050,cow_local_Cow_36.wav,cow,data/processed/cow_local_Cow_36.wav,2.0,22050,local
cow_0051,cow_local_Cow_4.wav,cow,data/processed/cow_local_Cow_4.wav,2.0,22050,local
cow_0052,cow_local_Cow_40.wav,cow,data/processed/cow_local_Cow_40.wav,2.0,22050,local
cow_0053,cow_local_Cow_46.wav,cow,data/processed/cow_local_Cow_46.wav,2.0,22050,local
cow_0054,cow_local_Cow_48.wav,cow,data/processed/cow_local_Cow_48.wav,2.0,22050,local
cow_0055,cow_local_Cow_5.wav,cow,data/processed/cow_local_Cow_5.wav,2.0,22050,local
cow_0056,cow_local_Cow_50.wav,cow,data/processed/cow_local_Cow_50.wav,2.0,22050,local
cow_0057,cow_local_Cow_6.wav,cow,data/processed/cow_local_Cow_6.wav,2.0,22050,local
cow_0058,cow_local_Cow_7.wav,cow,data/processed/cow_local_Cow_7.wav,2.0,22050,local
cow_0059,cow_local_Cow_9.wav,cow,data/processed/cow_local_Cow_9.wav,2.0,22050,local
cow_0060,cow_local_archivo (2).wav,cow,data/processed/cow_local_archivo (2).wav,2.0,22050,local
cow_0061,cow_local_archivo (4).wav,cow,data/processed/cow_local_archivo (4).wav,2.0,22050,local
cow_0062,cow_local_esc50_cow_1-16568-A-3.wav,cow,data/processed/cow_local_esc50_cow_1-16568-A-3.wav,2.0,22050,esc50
cow_0063,cow_local_esc50_cow_1-202111-A-3.wav,cow,data/processed/cow_local_esc50_cow_1-202111-A-3.wav,2.0,22050,esc50
cow_0064,cow_local_esc50_cow_1-58277-A-3.wav,cow,data/processed/cow_local_esc50_cow_1-58277-A-3.wav,2.0,22050,esc50
cow_0065,cow_local_esc50_cow_1-69422-A-3.wav,cow,data/processed/cow_local_esc50_cow_1-69422-A-3.wav,2.0,22050,esc50
cow_0066,cow_local_esc50_cow_1-69641-A-3.wav,cow,data/processed/cow_local_esc50_cow_1-69641-A-3.wav,2.0,22050,esc50
cow_0067,cow_local_esc50_cow_1-77160-A-3.wav,cow,data/processed/cow_local_esc50_cow_1-77160-A-3.wav,2.0,22050,esc50
cow_0068,cow_local_esc50_cow_1-77241-A-3.wav,cow,data/processed/cow_local_esc50_cow_1-77241-A-3.wav,2.0,22050,esc50
cow_0069,cow_local_esc50_cow_1-81269-A-3.wav,cow,data/processed/cow_local_esc50_cow_1-81269-A-3.wav,2.0,22050,esc50
cow_0070,cow_local_esc50_cow_2-103423-A-3.wav,cow,data/processed/cow_local_esc50_cow_2-103423-A-3.wav,2.0,22050,esc50
cow_0071,cow_local_esc50_cow_2-103424-A-3.wav,cow,data/processed/cow_local_esc50_cow_2-103424-A-3.wav,2.0,22050,esc50
cow_0072,cow_local_esc50_cow_2-103426-A-3.wav,cow,data/processed/cow_local_esc50_cow_2-103426-A-3.wav,2.0,22050,esc50
cow_0073,cow_local_esc50_cow_2-103427-A-3.wav,cow,data/processed/cow_local_esc50_cow_2-103427-A-3.wav,2.0,22050,esc50
cow_0074,cow_local_esc50_cow_2-103428-A-3.wav,cow,data/processed/cow_local_esc50_cow_2-103428-A-3.wav,2.0,22050,esc50
cow_0075,cow_local_esc50_cow_2-104877-A-3.wav,cow,data/processed/cow_local_esc50_cow_2-104877-A-3.wav,2.0,22050,esc50
cow_0076,cow_local_esc50_cow_2-117795-A-3.wav,cow,data/processed/cow_local_esc50_cow_2-117795-A-3.wav,2.0,22050,esc50
cow_0077,cow_local_esc50_cow_2-117795-B-3.wav,cow,data/processed/cow_local_esc50_cow_2-117795-B-3.wav,2.0,22050,esc50
cow_0078,cow_local_esc50_cow_3-124376-A-3.wav,cow,data/processed/cow_local_esc50_cow_3-124376-A-3.wav,2.0,22050,esc50
cow_0079,cow_local_esc50_cow_3-124376-B-3.wav,cow,data/processed/cow_local_esc50_cow_3-124376-B-3.wav,2.0,22050,esc50
cow_0080,cow_local_esc50_cow_3-126358-A-3.wav,cow,data/processed/cow_local_esc50_cow_3-126358-A-3.wav,2.0,22050,esc50
cow_0081,cow_local_esc50_cow_3-126358-B-3.wav,cow,data/processed/cow_local_esc50_cow_3-126358-B-3.wav,2.0,22050,esc50
cow_0082,cow_local_esc50_cow_3-152039-A-3.wav,cow,data/processed/cow_local_esc50_cow_3-152039-A-3.wav,2.0,22050,esc50
cow_0083,cow_local_esc50_cow_3-152039-B-3.wav,cow,data/processed/cow_local_esc50_cow_3-152039-B-3.wav,2.0,22050,esc50
cow_0084,cow_local_esc50_cow_3-160993-A-3.wav,cow,data/processed/cow_local_esc50_cow_3-160993-A-3.wav,2.0,22050,esc50
cow_0085,cow_local_esc50_cow_3-163727-A-3.wav,cow,data/processed/cow_local_esc50_cow_3-163727-A-3.wav,2.0,22050,esc50
cow_0086,cow_local_esc50_cow_4-174860-A-3.wav,cow,data/processed/cow_local_esc50_cow_4-174860-A-3.wav,2.0,22050,esc50
cow_0087,cow_local_esc50_cow_4-174860-B-3.wav,cow,data/processed/cow_local_esc50_cow_4-174860-B-3.wav,2.0,22050,esc50
cow_0088,cow_local_esc50_cow_4-181955-A-3.wav,cow,data/processed/cow_local_esc50_cow_4-181955-A-3.wav,2.0,22050,esc50
cow_0089,cow_local_esc50_cow_4-181955-B-3.wav,cow,data/processed/cow_local_esc50_cow_4-181955-B-3.wav,2.0,22050,esc50
cow_0090,cow_local_esc50_cow_4-181955-C-3.wav,cow,data/processed/cow_local_esc50_cow_4-181955-C-3.wav,2.0,22050,esc50
cow_0091,cow_local_esc50_cow_4-213915-A-3.wav,cow,data/processed/cow_local_esc50_cow_4-213915-A-3.wav,2.0,22050,esc50
cow_0092,cow_local_esc50_cow_4-213915-B-3.wav,cow,data/processed/cow_local_esc50_cow_4-213915-B-3.wav,2.0,22050,esc50
cow_0093,cow_local_esc50_cow_4-213915-C-3.wav,cow,data/processed/cow_local_esc50_cow_4-213915-C-3.wav,2.0,22050,esc50
cow_0094,cow_local_esc50_cow_5-194899-A-3.wav,cow,data/processed/cow_local_esc50_cow_5-194899-A-3.wav,2.0,22050,esc50
cow_0095,cow_local_esc50_cow_5-194899-B-3.wav,cow,data/processed/cow_local_esc50_cow_5-194899-B-3.wav,2.0,22050,esc50
cow_0096,cow_local_esc50_cow_5-194899-C-3.wav,cow,data/processed/cow_local_esc50_cow_5-194899-C-3.wav,2.0,22050,esc50
cow_0097,cow_local_esc50_cow_5-194899-D-3.wav,cow,data/processed/cow_local_esc50_cow_5-194899-D-3.wav,2.0,22050,esc50
cow_0098,cow_local_esc50_cow_5-202795-A-3.wav,cow,data/processed/cow_local_esc50_cow_5-202795-A-3.wav,2.0,22050,esc50
cow_0099,cow_local_esc50_cow_5-242492-A-3.wav,cow,data/processed/cow_local_esc50_cow_5-242492-A-3.wav,2.0,22050,esc50
cow_0100,cow_local_esc50_cow_5-253085-A-3.wav,cow,data/processed/cow_local_esc50_cow_5-253085-A-3.wav,2.0,22050,esc50
cow_0101,cow_local_esc50_cow_5-253085-B-3.wav,cow,data/processed/cow_local_esc50_cow_5-253085-B-3.wav,2.0,22050,esc50
cow_0102,cow_local_inek_11.wav,cow,data/processed/cow_local_inek_11.wav,2.0,22050,local
cow_0103,cow_local_inek_14.wav,cow,data/processed/cow_local_inek_14.wav,2.0,22050,local
cow_0104,cow_local_inek_17.wav,cow,data/processed/cow_local_inek_17.wav,2.0,22050,local
cow_0105,cow_local_inek_23.wav,cow,data/processed/cow_local_inek_23.wav,2.0,22050,local
cow_0106,cow_local_inek_25.wav,cow,data/processed/cow_local_inek_25.wav,2.0,22050,local
cow_0107,cow_local_inek_26.wav,cow,data/processed/cow_local_inek_26.wav,2.0,22050,local
cow_0108,cow_local_inek_28.wav,cow,data/processed/cow_local_inek_28.wav,2.0,22050,local
cow_0109,cow_local_inek_29.wav,cow,data/processed/cow_local_inek_29.wav,2.0,22050,local
cow_0110,cow_local_inek_31.wav,cow,data/processed/cow_local_inek_31.wav,2.0,22050,local
cow_0111,cow_local_inek_32.wav,cow,data/processed/cow_local_inek_32.wav,2.0,22050,local
cow_0112,cow_local_inek_33.wav,cow,data/processed/cow_local_inek_33.wav,2.0,22050,local
cow_0113,cow_local_inek_4.wav,cow,data/processed/cow_local_inek_4.wav,2.0,22050,local
cow_0114,cow_local_inek_40.wav,cow,data/processed/cow_local_inek_40.wav,2.0,22050,local
cow_0115,cow_local_inek_41.wav,cow,data/processed/cow_local_inek_41.wav,2.0,22050,local
cow_0116,cow_local_inek_43.wav,cow,data/processed/cow_local_inek_43.wav,2.0,22050,local
cow_0117,cow_local_inek_5.wav,cow,data/processed/cow_local_inek_5.wav,2.0,22050,local
cow_0118,cow_local_inek_50.wav,cow,data/processed/cow_local_inek_50.wav,2.0,22050,local
cow_0119,cow_local_inek_54.wav,cow,data/processed/cow_local_inek_54.wav,2.0,22050,local
cow_0120,cow_local_inek_8.wav,cow,data/processed/cow_local_inek_8.wav,2.0,22050,local
cow_0121,cow_sounddino_cows-and-bulls.wav,cow,data/processed/cow_sounddino_cows-and-bulls.wav,2.0,22050,sounddino
cow_0122,cow_sounddino_repeated-mooing.wav,cow,data/processed/cow_sounddino_repeated-mooing.wav,2.0,22050,sounddino
cow_0123,cow_sounddino_the-lowing-of-a-cow.wav,cow,data/processed/cow_sounddino_the-lowing-of-a-cow.wav,2.0,22050,sounddino
dog_0001,dog_local_1-100032-A.wav,dog,data/processed/dog_local_1-100032-A.wav,2.0,22050,local
dog_0002,dog_local_1-110389-A.wav,dog,data/processed/dog_local_1-110389-A.wav,2.0,22050,local
dog_0003,dog_local_1-30226-A.wav,dog,data/processed/dog_local_1-30226-A.wav,2.0,22050,local
dog_0004,dog_local_1-30344-A.wav,dog,data/processed/dog_local_1-30344-A.wav,2.0,22050,local
dog_0005,dog_local_1-32318-A.wav,dog,data/processed/dog_local_1-32318-A.wav,2.0,22050,local
dog_0006,dog_local_1-59513-A.wav,dog,data/processed/dog_local_1-59513-A.wav,2.0,22050,local
dog_0007,dog_local_1-85362-A.wav,dog,data/processed/dog_local_1-85362-A.wav,2.0,22050,local
dog_0008,dog_local_1-97392-A.wav,dog,data/processed/dog_local_1-97392-A.wav,2.0,22050,local
dog_0009,dog_local_2-114280-A.wav,dog,data/processed/dog_local_2-114280-A.wav,2.0,22050,local
dog_0010,dog_local_2-114587-A.wav,dog,data/processed/dog_local_2-114587-A.wav,2.0,22050,local
dog_0011,dog_local_2-116400-A.wav,dog,data/processed/dog_local_2-116400-A.wav,2.0,22050,local
dog_0012,dog_local_2-117271-A.wav,dog,data/processed/dog_local_2-117271-A.wav,2.0,22050,local
dog_0013,dog_local_2-118072-A.wav,dog,data/processed/dog_local_2-118072-A.wav,2.0,22050,local
dog_0014,dog_local_2-118964-A.wav,dog,data/processed/dog_local_2-118964-A.wav,2.0,22050,local
dog_0015,dog_local_2-122104-A.wav,dog,data/processed/dog_local_2-122104-A.wav,2.0,22050,local
dog_0016,dog_local_2-122104-B.wav,dog,data/processed/dog_local_2-122104-B.wav,2.0,22050,local
dog_0017,dog_local_3-136288-A.wav,dog,data/processed/dog_local_3-136288-A.wav,2.0,22050,local
dog_0018,dog_local_3-144028-A.wav,dog,data/processed/dog_local_3-144028-A.wav,2.0,22050,local
dog_0019,dog_local_3-155312-A.wav,dog,data/processed/dog_local_3-155312-A.wav,2.0,22050,local
dog_0020,dog_local_3-157695-A.wav,dog,data/processed/dog_local_3-157695-A.wav,2.0,22050,local
dog_0021,dog_local_3-163459-A.wav,dog,data/processed/dog_local_3-163459-A.wav,2.0,22050,local
dog_0022,dog_local_3-170015-A.wav,dog,data/processed/dog_local_3-170015-A.wav,2.0,22050,local
dog_0023,dog_local_3-180256-A.wav,dog,data/processed/dog_local_3-180256-A.wav,2.0,22050,local
dog_0024,dog_local_3-180977-A.wav,dog,data/processed/dog_local_3-180977-A.wav,2.0,22050,local
dog_0025,dog_local_4-182395-A.wav,dog,data/processed/dog_local_4-182395-A.wav,2.0,22050,local
dog_0026,dog_local_4-183992-A.wav,dog,data/processed/dog_local_4-183992-A.wav,2.0,22050,local
dog_0027,dog_local_4-184575-A.wav,dog,data/processed/dog_local_4-184575-A.wav,2.0,22050,local
dog_0028,dog_local_4-191687-A.wav,dog,data/processed/dog_local_4-191687-A.wav,2.0,22050,local
dog_0029,dog_local_4-192236-A.wav,dog,data/processed/dog_local_4-192236-A.wav,2.0,22050,local
dog_0030,dog_local_4-194754-A.wav,dog,data/processed/dog_local_4-194754-A.wav,2.0,22050,local
dog_0031,dog_local_4-199261-A.wav,dog,data/processed/dog_local_4-199261-A.wav,2.0,22050,local
dog_0032,dog_local_4-207124-A.wav,dog,data/processed/dog_local_4-207124-A.wav,2.0,22050,local
dog_0033,dog_local_5-203128-A.wav,dog,data/processed/dog_local_5-203128-A.wav,2.0,22050,local
dog_0034,dog_local_5-203128-B.wav,dog,data/processed/dog_local_5-203128-B.wav,2.0,22050,local
dog_0035,dog_local_5-208030-A.wav,dog,data/processed/dog_local_5-208030-A.wav,2.0,22050,local
dog_0036,dog_local_5-212454-A.wav,dog,data/processed/dog_local_5-212454-A.wav,2.0,22050,local
dog_0037,dog_local_5-213855-A.wav,dog,data/processed/dog_local_5-213855-A.wav,2.0,22050,local
dog_0038,dog_local_5-217158-A.wav,dog,data/processed/dog_local_5-217158-A.wav,2.0,22050,local
dog_0039,dog_local_5-231762-A.wav,dog,data/processed/dog_local_5-231762-A.wav,2.0,22050,local
dog_0040,dog_local_5-9032-A.wav,dog,data/processed/dog_local_5-9032-A.wav,2.0,22050,local
dog_0041,dog_local_Dog_1.wav,dog,data/processed/dog_local_Dog_1.wav,2.0,22050,local
dog_0042,dog_local_Dog_15.wav,dog,data/processed/dog_local_Dog_15.wav,2.0,22050,local
dog_0043,dog_local_Dog_16.wav,dog,data/processed/dog_local_Dog_16.wav,2.0,22050,local
dog_0044,dog_local_Dog_20.wav,dog,data/processed/dog_local_Dog_20.wav,2.0,22050,local
dog_0045,dog_local_Dog_23.wav,dog,data/processed/dog_local_Dog_23.wav,2.0,22050,local
dog_0046,dog_local_Dog_27.wav,dog,data/processed/dog_local_Dog_27.wav,2.0,22050,local
dog_0047,dog_local_Dog_28.wav,dog,data/processed/dog_local_Dog_28.wav,2.0,22050,local
dog_0048,dog_local_Dog_30.wav,dog,data/processed/dog_local_Dog_30.wav,2.0,22050,local
dog_0049,dog_local_Dog_32.wav,dog,data/processed/dog_local_Dog_32.wav,2.0,22050,local
dog_0050,dog_local_Dog_33.wav,dog,data/processed/dog_local_Dog_33.wav,2.0,22050,local
dog_0051,dog_local_Dog_35.wav,dog,data/processed/dog_local_Dog_35.wav,2.0,22050,local
dog_0052,dog_local_Dog_39.wav,dog,data/processed/dog_local_Dog_39.wav,2.0,22050,local
dog_0053,dog_local_Dog_45.wav,dog,data/processed/dog_local_Dog_45.wav,2.0,22050,local
dog_0054,dog_local_Dog_46.wav,dog,data/processed/dog_local_Dog_46.wav,2.0,22050,local
dog_0055,dog_local_Dog_5.wav,dog,data/processed/dog_local_Dog_5.wav,2.0,22050,local
dog_0056,dog_local_dog_0.wav,dog,data/processed/dog_local_dog_0.wav,2.0,22050,local
dog_0057,dog_local_dog_1 (2).wav,dog,data/processed/dog_local_dog_1 (2).wav,2.0,22050,local
dog_0058,dog_local_dog_10 (2).wav,dog,data/processed/dog_local_dog_10 (2).wav,2.0,22050,local
dog_0059,dog_local_dog_11 (2).wav,dog,data/processed/dog_local_dog_11 (2).wav,2.0,22050,local
dog_0060,dog_local_dog_12 (2).wav,dog,data/processed/dog_local_dog_12 (2).wav,2.0,22050,local
dog_0061,dog_local_dog_12 (3).wav,dog,data/processed/dog_local_dog_12 (3).wav,2.0,22050,local
dog_0062,dog_local_dog_13 (2).wav,dog,data/processed/dog_local_dog_13 (2).wav,2.0,22050,local
dog_0063,dog_local_dog_13 (3).wav,dog,data/processed/dog_local_dog_13 (3).wav,2.0,22050,local
dog_0064,dog_local_dog_14 (2).wav,dog,data/processed/dog_local_dog_14 (2).wav,2.0,22050,local
dog_0065,dog_local_dog_14 (3).wav,dog,data/processed/dog_local_dog_14 (3).wav,2.0,22050,local
dog_0066,dog_local_dog_15 (2).wav,dog,data/processed/dog_local_dog_15 (2).wav,2.0,22050,local
dog_0067,dog_local_dog_15 (3).wav,dog,data/processed/dog_local_dog_15 (3).wav,2.0,22050,local
dog_0068,dog_local_dog_16 (2).wav,dog,data/processed/dog_local_dog_16 (2).wav,2.0,22050,local
dog_0069,dog_local_dog_16 (3).wav,dog,data/processed/dog_local_dog_16 (3).wav,2.0,22050,local
dog_0070,dog_local_dog_17 (2).wav,dog,data/processed/dog_local_dog_17 (2).wav,2.0,22050,local
dog_0071,dog_local_dog_17 (3).wav,dog,data/processed/dog_local_dog_17 (3).wav,2.0,22050,local
dog_0072,dog_local_dog_18 (2).wav,dog,data/processed/dog_local_dog_18 (2).wav,2.0,22050,local
dog_0073,dog_local_dog_19 (2).wav,dog,data/processed/dog_local_dog_19 (2).wav,2.0,22050,local
dog_0074,dog_local_dog_19 (3).wav,dog,data/processed/dog_local_dog_19 (3).wav,2.0,22050,local
dog_0075,dog_local_dog_2 (2).wav,dog,data/processed/dog_local_dog_2 (2).wav,2.0,22050,local
dog_0076,dog_local_dog_20 (2).wav,dog,data/processed/dog_local_dog_20 (2).wav,2.0,22050,local
dog_0077,dog_local_dog_21 (2).wav,dog,data/processed/dog_local_dog_21 (2).wav,2.0,22050,local
dog_0078,dog_local_dog_22 (2).wav,dog,data/processed/dog_local_dog_22 (2).wav,2.0,22050,local
dog_0079,dog_local_dog_22 (3).wav,dog,data/processed/dog_local_dog_22 (3).wav,2.0,22050,local
dog_0080,dog_local_dog_23 (2).wav,dog,data/processed/dog_local_dog_23 (2).wav,2.0,22050,local
dog_0081,dog_local_dog_24 (2).wav,dog,data/processed/dog_local_dog_24 (2).wav,2.0,22050,local
dog_0082,dog_local_dog_24 (3).wav,dog,data/processed/dog_local_dog_24 (3).wav,2.0,22050,local
dog_0083,dog_local_dog_25 (2).wav,dog,data/processed/dog_local_dog_25 (2).wav,2.0,22050,local
dog_0084,dog_local_dog_26 (2).wav,dog,data/processed/dog_local_dog_26 (2).wav,2.0,22050,local
dog_0085,dog_local_dog_27 (2).wav,dog,data/processed/dog_local_dog_27 (2).wav,2.0,22050,local
dog_0086,dog_local_dog_28 (2).wav,dog,data/processed/dog_local_dog_28 (2).wav,2.0,22050,local
dog_0087,dog_local_dog_29 (2).wav,dog,data/processed/dog_local_dog_29 (2).wav,2.0,22050,local
dog_0088,dog_local_dog_29 (3).wav,dog,data/processed/dog_local_dog_29 (3).wav,2.0,22050,local
dog_0089,dog_local_dog_3 (2).wav,dog,data/processed/dog_local_dog_3 (2).wav,2.0,22050,local
dog_0090,dog_local_dog_3 (3).wav,dog,data/processed/dog_local_dog_3 (3).wav,2.0,22050,local
dog_0091,dog_local_dog_30 (2).wav,dog,data/processed/dog_local_dog_30 (2).wav,2.0,22050,local
dog_0092,dog_local_dog_30 (3).wav,dog,data/processed/dog_local_dog_30 (3).wav,2.0,22050,local
dog_0093,dog_local_dog_31 (2).wav,dog,data/processed/dog_local_dog_31 (2).wav,2.0,22050,local
dog_0094,dog_local_dog_31 (3).wav,dog,data/processed/dog_local_dog_31 (3).wav,2.0,22050,local
dog_0095,dog_local_dog_32 (2).wav,dog,data/processed/dog_local_dog_32 (2).wav,2.0,22050,local
dog_0096,dog_local_dog_32 (3).wav,dog,data/processed/dog_local_dog_32 (3).wav,2.0,22050,local
dog_0097,dog_local_dog_33 (2).wav,dog,data/processed/dog_local_dog_33 (2).wav,2.0,22050,local
dog_0098,dog_local_dog_33 (3).wav,dog,data/processed/dog_local_dog_33 (3).wav,2.0,22050,local
dog_0099,dog_local_dog_34 (2).wav,dog,data/processed/dog_local_dog_34 (2).wav,2.0,22050,local
dog_0100,dog_local_dog_35 (2).wav,dog,data/processed/dog_local_dog_35 (2).wav,2.0,22050,local
dog_0101,dog_local_dog_36 (2).wav,dog,data/processed/dog_local_dog_36 (2).wav,2.0,22050,local
dog_0102,dog_local_dog_36 (3).wav,dog,data/processed/dog_local_dog_36 (3).wav,2.0,22050,local
dog_0103,dog_local_dog_37 (2).wav,dog,data/processed/dog_local_dog_37 (2).wav,2.0,22050,local
dog_0104,dog_local_dog_38 (2).wav,dog,data/processed/dog_local_dog_38 (2).wav,2.0,22050,local
dog_0105,dog_local_dog_39 (2).wav,dog,data/processed/dog_local_dog_39 (2).wav,2.0,22050,local
dog_0106,dog_local_dog_4 (2).wav,dog,data/processed/dog_local_dog_4 (2).wav,2.0,22050,local
dog_0107,dog_local_dog_41 (2).wav,dog,data/processed/dog_local_dog_41 (2).wav,2.0,22050,local
dog_0108,dog_local_dog_41 (3).wav,dog,data/processed/dog_local_dog_41 (3).wav,2.0,22050,local
dog_0109,dog_local_dog_42 (2).wav,dog,data/processed/dog_local_dog_42 (2).wav,2.0,22050,local
dog_0110,dog_local_dog_42 (3).wav,dog,data/processed/dog_local_dog_42 (3).wav,2.0,22050,local
dog_0111,dog_local_dog_43 (2).wav,dog,data/processed/dog_local_dog_43 (2).wav,2.0,22050,local
dog_0112,dog_local_dog_43 (3).wav,dog,data/processed/dog_local_dog_43 (3).wav,2.0,22050,local
dog_0113,dog_local_dog_44 (2).wav,dog,data/processed/dog_local_dog_44 (2).wav,2.0,22050,local
dog_0114,dog_local_dog_45 (2).wav,dog,data/processed/dog_local_dog_45 (2).wav,2.0,22050,local
dog_0115,dog_local_dog_5 (2).wav,dog,data/processed/dog_local_dog_5 (2).wav,2.0,22050,local
dog_0116,dog_local_dog_6 (2).wav,dog,data/processed/dog_local_dog_6 (2).wav,2.0,22050,local
dog_0117,dog_local_dog_6 (3).wav,dog,data/processed/dog_local_dog_6 (3).wav,2.0,22050,local
dog_0118,dog_local_dog_7 (2).wav,dog,data/processed/dog_local_dog_7 (2).wav,2.0,22050,local
dog_0119,dog_local_dog_7 (3).wav,dog,data/processed/dog_local_dog_7 (3).wav,2.0,22050,local
dog_0120,dog_local_dog_8 (2).wav,dog,data/processed/dog_local_dog_8 (2).wav,2.0,22050,local
dog_0121,dog_local_dog_9 (2).wav,dog,data/processed/dog_local_dog_9 (2).wav,2.0,22050,local
dog_0122,dog_local_esc50_dog_1-100032-A-0.wav,dog,data/processed/dog_local_esc50_dog_1-100032-A-0.wav,2.0,22050,esc50
dog_0123,dog_local_esc50_dog_1-110389-A-0.wav,dog,data/processed/dog_local_esc50_dog_1-110389-A-0.wav,2.0,22050,esc50
dog_0124,dog_local_esc50_dog_1-30226-A-0.wav,dog,data/processed/dog_local_esc50_dog_1-30226-A-0.wav,2.0,22050,esc50
dog_0125,dog_local_esc50_dog_1-30344-A-0.wav,dog,data/processed/dog_local_esc50_dog_1-30344-A-0.wav,2.0,22050,esc50
dog_0126,dog_local_esc50_dog_1-32318-A-0.wav,dog,data/processed/dog_local_esc50_dog_1-32318-A-0.wav,2.0,22050,esc50
dog_0127,dog_local_esc50_dog_1-59513-A-0.wav,dog,data/processed/dog_local_esc50_dog_1-59513-A-0.wav,2.0,22050,esc50
dog_0128,dog_local_esc50_dog_1-85362-A-0.wav,dog,data/processed/dog_local_esc50_dog_1-85362-A-0.wav,2.0,22050,esc50
dog_0129,dog_local_esc50_dog_1-97392-A-0.wav,dog,data/processed/dog_local_esc50_dog_1-97392-A-0.wav,2.0,22050,esc50
dog_0130,dog_local_esc50_dog_2-114280-A-0.wav,dog,data/processed/dog_local_esc50_dog_2-114280-A-0.wav,2.0,22050,esc50
dog_0131,dog_local_esc50_dog_2-114587-A-0.wav,dog,data/processed/dog_local_esc50_dog_2-114587-A-0.wav,2.0,22050,esc50
dog_0132,dog_local_esc50_dog_2-116400-A-0.wav,dog,data/processed/dog_local_esc50_dog_2-116400-A-0.wav,2.0,22050,esc50
dog_0133,dog_local_esc50_dog_2-117271-A-0.wav,dog,data/processed/dog_local_esc50_dog_2-117271-A-0.wav,2.0,22050,esc50
dog_0134,dog_local_esc50_dog_2-118072-A-0.wav,dog,data/processed/dog_local_esc50_dog_2-118072-A-0.wav,2.0,22050,esc50
dog_0135,dog_local_esc50_dog_2-118964-A-0.wav,dog,data/processed/dog_local_esc50_dog_2-118964-A-0.wav,2.0,22050,esc50
dog_0136,dog_local_esc50_dog_2-122104-A-0.wav,dog,data/processed/dog_local_esc50_dog_2-122104-A-0.wav,2.0,22050,esc50
dog_0137,dog_local_esc50_dog_2-122104-B-0.wav,dog,data/processed/dog_local_esc50_dog_2-122104-B-0.wav,2.0,22050,esc50
dog_0138,dog_local_esc50_dog_3-136288-A-0.wav,dog,data/processed/dog_local_esc50_dog_3-136288-A-0.wav,2.0,22050,esc50
dog_0139,dog_local_esc50_dog_3-144028-A-0.wav,dog,data/processed/dog_local_esc50_dog_3-144028-A-0.wav,2.0,22050,esc50
dog_0140,dog_local_esc50_dog_3-155312-A-0.wav,dog,data/processed/dog_local_esc50_dog_3-155312-A-0.wav,2.0,22050,esc50
dog_0141,dog_local_esc50_dog_3-157695-A-0.wav,dog,data/processed/dog_local_esc50_dog_3-157695-A-0.wav,2.0,22050,esc50
dog_0142,dog_local_esc50_dog_3-163459-A-0.wav,dog,data/processed/dog_local_esc50_dog_3-163459-A-0.wav,2.0,22050,esc50
dog_0143,dog_local_esc50_dog_3-170015-A-0.wav,dog,data/processed/dog_local_esc50_dog_3-170015-A-0.wav,2.0,22050,esc50
dog_0144,dog_local_esc50_dog_3-180256-A-0.wav,dog,data/processed/dog_local_esc50_dog_3-180256-A-0.wav,2.0,22050,esc50
dog_0145,dog_local_esc50_dog_3-180977-A-0.wav,dog,data/processed/dog_local_esc50_dog_3-180977-A-0.wav,2.0,22050,esc50
dog_0146,dog_local_esc50_dog_4-182395-A-0.wav,dog,data/processed/dog_local_esc50_dog_4-182395-A-0.wav,2.0,22050,esc50
dog_0147,dog_local_esc50_dog_4-183992-A-0.wav,dog,data/processed/dog_local_esc50_dog_4-183992-A-0.wav,2.0,22050,esc50
dog_0148,dog_local_esc50_dog_4-184575-A-0.wav,dog,data/processed/dog_local_esc50_dog_4-184575-A-0.wav,2.0,22050,esc50
dog_0149,dog_local_esc50_dog_4-191687-A-0.wav,dog,data/processed/dog_local_esc50_dog_4-191687-A-0.wav,2.0,22050,esc50
dog_0150,dog_local_esc50_dog_4-192236-A-0.wav,dog,data/processed/dog_local_esc50_dog_4-192236-A-0.wav,2.0,22050,esc50
dog_0151,dog_sounddino_aggressive-growl-small-dog.wav,dog,data/processed/dog_sounddino_aggressive-growl-small-dog.wav,2.0,22050,sounddino
dog_0152,dog_sounddino_barking-dog.wav,dog,data/processed/dog_sounddino_barking-dog.wav,2.0,22050,sounddino
dog_0153,dog_sounddino_dog-growling.wav,dog,data/processed/dog_sounddino_dog-growling.wav,2.0,22050,sounddino
dog_0154,dog_sounddino_dog-growls-viciously-3d-sound.wav,dog,data/processed/dog_sounddino_dog-growls-viciously-3d-sound.wav,2.0,22050,sounddino
dog_0155,dog_sounddino_dog-howling.wav,dog,data/processed/dog_sounddino_dog-howling.wav,2.0,22050,sounddino
dog_0156,dog_sounddino_dogs-barking-at-night.wav,dog,data/processed/dog_sounddino_dogs-barking-at-night.wav,2.0,22050,sounddino
dog_0157,dog_sounddino_guard-dog-on-chain.wav,dog,data/processed/dog_sounddino_guard-dog-on-chain.wav,2.0,22050,sounddino
dog_0158,dog_sounddino_roar-of-the-dog.wav,dog,data/processed/dog_sounddino_roar-of-the-dog.wav,2.0,22050,sounddino
dog_0159,dog_sounddino_several-dogs-are-barking.wav,dog,data/processed/dog_sounddino_several-dogs-are-barking.wav,2.0,22050,sounddino
dog_0160,dog_sounddino_two-dogs-barking-at-a-stranger.wav,dog,data/processed/dog_sounddino_two-dogs-barking-at-a-stranger.wav,2.0,22050,sounddino
frog_0001,frog_dynamicsuperb_frog_audio291.wav,frog,data/processed/frog_dynamicsuperb_frog_audio291.wav,2.0,22050,dynamicsuperb
frog_0002,frog_dynamicsuperb_frog_audio292.wav,frog,data/processed/frog_dynamicsuperb_frog_audio292.wav,2.0,22050,dynamicsuperb
frog_0003,frog_dynamicsuperb_frog_audio293.wav,frog,data/processed/frog_dynamicsuperb_frog_audio293.wav,2.0,22050,dynamicsuperb
frog_0004,frog_local_1-15689-A.wav,frog,data/processed/frog_local_1-15689-A.wav,2.0,22050,local
frog_0005,frog_local_1-15689-B.wav,frog,data/processed/frog_local_1-15689-B.wav,2.0,22050,local
frog_0006,frog_local_1-17970-A.wav,frog,data/processed/frog_local_1-17970-A.wav,2.0,22050,local
frog_0007,frog_local_1-18755-A.wav,frog,data/processed/frog_local_1-18755-A.wav,2.0,22050,local
frog_0008,frog_local_1-18755-B.wav,frog,data/processed/frog_local_1-18755-B.wav,2.0,22050,local
frog_0009,frog_local_1-18757-A.wav,frog,data/processed/frog_local_1-18757-A.wav,2.0,22050,local
frog_0010,frog_local_1-31836-A.wav,frog,data/processed/frog_local_1-31836-A.wav,2.0,22050,local
frog_0011,frog_local_1-31836-B.wav,frog,data/processed/frog_local_1-31836-B.wav,2.0,22050,local
frog_0012,frog_local_2-32515-A.wav,frog,data/processed/frog_local_2-32515-A.wav,2.0,22050,local
frog_0013,frog_local_2-32515-B.wav,frog,data/processed/frog_local_2-32515-B.wav,2.0,22050,local
frog_0014,frog_local_2-32515-C.wav,frog,data/processed/frog_local_2-32515-C.wav,2.0,22050,local
frog_0015,frog_local_2-32515-D.wav,frog,data/processed/frog_local_2-32515-D.wav,2.0,22050,local
frog_0016,frog_local_2-32834-A.wav,frog,data/processed/frog_local_2-32834-A.wav,2.0,22050,local
frog_0017,frog_local_2-52085-A.wav,frog,data/processed/frog_local_2-52085-A.wav,2.0,22050,local
frog_0018,frog_local_2-52085-B.wav,frog,data/processed/frog_local_2-52085-B.wav,2.0,22050,local
frog_0019,frog_local_2-52789-A.wav,frog,data/processed/frog_local_2-52789-A.wav,2.0,22050,local
frog_0020,frog_local_3-102908-A.wav,frog,data/processed/frog_local_3-102908-A.wav,2.0,22050,local
frog_0021,frog_local_3-70962-A.wav,frog,data/processed/frog_local_3-70962-A.wav,2.0,22050,local
frog_0022,frog_local_3-70962-B.wav,frog,data/processed/frog_local_3-70962-B.wav,2.0,22050,local
frog_0023,frog_local_3-70962-C.wav,frog,data/processed/frog_local_3-70962-C.wav,2.0,22050,local
frog_0024,frog_local_3-71964-A.wav,frog,data/processed/frog_local_3-71964-A.wav,2.0,22050,local
frog_0025,frog_local_3-71964-B.wav,frog,data/processed/frog_local_3-71964-B.wav,2.0,22050,local
frog_0026,frog_local_3-71964-C.wav,frog,data/processed/frog_local_3-71964-C.wav,2.0,22050,local
frog_0027,frog_local_3-83527-A.wav,frog,data/processed/frog_local_3-83527-A.wav,2.0,22050,local
frog_0028,frog_local_4-130584-A.wav,frog,data/processed/frog_local_4-130584-A.wav,2.0,22050,local
frog_0029,frog_local_4-154793-A.wav,frog,data/processed/frog_local_4-154793-A.wav,2.0,22050,local
frog_0030,frog_local_4-99193-A.wav,frog,data/processed/frog_local_4-99193-A.wav,2.0,22050,local
frog_0031,frog_local_4-99193-B.wav,frog,data/processed/frog_local_4-99193-B.wav,2.0,22050,local
frog_0032,frog_local_4-99644-A.wav,frog,data/processed/frog_local_4-99644-A.wav,2.0,22050,local
frog_0033,frog_local_4-99644-B.wav,frog,data/processed/frog_local_4-99644-B.wav,2.0,22050,local
frog_0034,frog_local_4-99644-C.wav,frog,data/processed/frog_local_4-99644-C.wav,2.0,22050,local
frog_0035,frog_local_4-99644-D.wav,frog,data/processed/frog_local_4-99644-D.wav,2.0,22050,local
frog_0036,frog_local_5-156026-A.wav,frog,data/processed/frog_local_5-156026-A.wav,2.0,22050,local
frog_0037,frog_local_5-156026-B.wav,frog,data/processed/frog_local_5-156026-B.wav,2.0,22050,local
frog_0038,frog_local_5-156026-C.wav,frog,data/processed/frog_local_5-156026-C.wav,2.0,22050,local
frog_0039,frog_local_5-156026-D.wav,frog,data/processed/frog_local_5-156026-D.wav,2.0,22050,local
frog_0040,frog_local_5-187201-A.wav,frog,data/processed/frog_local_5-187201-A.wav,2.0,22050,local
frog_0041,frog_local_5-187201-B.wav,frog,data/processed/frog_local_5-187201-B.wav,2.0,22050,local
frog_0042,frog_local_5-189795-A.wav,frog,data/processed/frog_local_5-189795-A.wav,2.0,22050,local
frog_0043,frog_local_5-237499-A.wav,frog,data/processed/frog_local_5-237499-A.wav,2.0,22050,local
frog_0044,frog_local_Frog_14.wav,frog,data/processed/frog_local_Frog_14.wav,2.0,22050,local
frog_0045,frog_local_Frog_15.wav,frog,data/processed/frog_local_Frog_15.wav,2.0,22050,local
frog_0046,frog_local_Frog_16.wav,frog,data/processed/frog_local_Frog_16.wav,2.0,22050,local
frog_0047,frog_local_Frog_17.wav,frog,data/processed/frog_local_Frog_17.wav,2.0,22050,local
frog_0048,frog_local_Frog_18.wav,frog,data/processed/frog_local_Frog_18.wav,2.0,22050,local
frog_0049,frog_local_Frog_2.wav,frog,data/processed/frog_local_Frog_2.wav,2.0,22050,local
frog_0050,frog_local_Frog_23.wav,frog,data/processed/frog_local_Frog_23.wav,2.0,22050,local
frog_0051,frog_local_Frog_24.wav,frog,data/processed/frog_local_Frog_24.wav,2.0,22050,local
frog_0052,frog_local_Frog_26.wav,frog,data/processed/frog_local_Frog_26.wav,2.0,22050,local
frog_0053,frog_local_Frog_27.wav,frog,data/processed/frog_local_Frog_27.wav,2.0,22050,local
frog_0054,frog_local_Frog_28.wav,frog,data/processed/frog_local_Frog_28.wav,2.0,22050,local
frog_0055,frog_local_Frog_29.wav,frog,data/processed/frog_local_Frog_29.wav,2.0,22050,local
frog_0056,frog_local_Frog_3.wav,frog,data/processed/frog_local_Frog_3.wav,2.0,22050,local
frog_0057,frog_local_Frog_30.wav,frog,data/processed/frog_local_Frog_30.wav,2.0,22050,local
frog_0058,frog_local_Frog_32.wav,frog,data/processed/frog_local_Frog_32.wav,2.0,22050,local
frog_0059,frog_local_Frog_33.wav,frog,data/processed/frog_local_Frog_33.wav,2.0,22050,local
frog_0060,frog_local_Frog_4.wav,frog,data/processed/frog_local_Frog_4.wav,2.0,22050,local
frog_0061,frog_local_Frog_40.wav,frog,data/processed/frog_local_Frog_40.wav,2.0,22050,local
frog_0062,frog_local_Frog_42.wav,frog,data/processed/frog_local_Frog_42.wav,2.0,22050,local
frog_0063,frog_local_Frog_43.wav,frog,data/processed/frog_local_Frog_43.wav,2.0,22050,local
frog_0064,frog_local_Frog_44.wav,frog,data/processed/frog_local_Frog_44.wav,2.0,22050,local
frog_0065,frog_local_Frog_45.wav,frog,data/processed/frog_local_Frog_45.wav,2.0,22050,local
frog_0066,frog_local_Frog_46.wav,frog,data/processed/frog_local_Frog_46.wav,2.0,22050,local
frog_0067,frog_local_Frog_5.wav,frog,data/processed/frog_local_Frog_5.wav,2.0,22050,local
frog_0068,frog_local_Frog_50.wav,frog,data/processed/frog_local_Frog_50.wav,2.0,22050,local
frog_0069,frog_local_esc50_frog_1-15689-A-4.wav,frog,data/processed/frog_local_esc50_frog_1-15689-A-4.wav,2.0,22050,esc50
frog_0070,frog_local_esc50_frog_1-15689-B-4.wav,frog,data/processed/frog_local_esc50_frog_1-15689-B-4.wav,2.0,22050,esc50
frog_0071,frog_local_esc50_frog_1-17970-A-4.wav,frog,data/processed/frog_local_esc50_frog_1-17970-A-4.wav,2.0,22050,esc50
frog_0072,frog_local_esc50_frog_1-18755-A-4.wav,frog,data/processed/frog_local_esc50_frog_1-18755-A-4.wav,2.0,22050,esc50
frog_0073,frog_local_esc50_frog_1-18755-B-4.wav,frog,data/processed/frog_local_esc50_frog_1-18755-B-4.wav,2.0,22050,esc50
frog_0074,frog_local_esc50_frog_1-18757-A-4.wav,frog,data/processed/frog_local_esc50_frog_1-18757-A-4.wav,2.0,22050,esc50
frog_0075,frog_local_esc50_frog_1-31836-A-4.wav,frog,data/processed/frog_local_esc50_frog_1-31836-A-4.wav,2.0,22050,esc50
frog_0076,frog_local_esc50_frog_1-31836-B-4.wav,frog,data/processed/frog_local_esc50_frog_1-31836-B-4.wav,2.0,22050,esc50
frog_0077,frog_local_esc50_frog_2-32515-A-4.wav,frog,data/processed/frog_local_esc50_frog_2-32515-A-4.wav,2.0,22050,esc50
frog_0078,frog_local_esc50_frog_2-32515-B-4.wav,frog,data/processed/frog_local_esc50_frog_2-32515-B-4.wav,2.0,22050,esc50
frog_0079,frog_local_esc50_frog_2-32515-C-4.wav,frog,data/processed/frog_local_esc50_frog_2-32515-C-4.wav,2.0,22050,esc50
frog_0080,frog_local_esc50_frog_2-32515-D-4.wav,frog,data/processed/frog_local_esc50_frog_2-32515-D-4.wav,2.0,22050,esc50
frog_0081,frog_local_esc50_frog_2-32834-A-4.wav,frog,data/processed/frog_local_esc50_frog_2-32834-A-4.wav,2.0,22050,esc50
frog_0082,frog_local_esc50_frog_2-52085-A-4.wav,frog,data/processed/frog_local_esc50_frog_2-52085-A-4.wav,2.0,22050,esc50
frog_0083,frog_local_esc50_frog_2-52085-B-4.wav,frog,data/processed/frog_local_esc50_frog_2-52085-B-4.wav,2.0,22050,esc50
frog_0084,frog_local_esc50_frog_2-52789-A-4.wav,frog,data/processed/frog_local_esc50_frog_2-52789-A-4.wav,2.0,22050,esc50
frog_0085,frog_local_esc50_frog_3-102908-A-4.wav,frog,data/processed/frog_local_esc50_frog_3-102908-A-4.wav,2.0,22050,esc50
frog_0086,frog_local_esc50_frog_3-70962-A-4.wav,frog,data/processed/frog_local_esc50_frog_3-70962-A-4.wav,2.0,22050,esc50
frog_0087,frog_local_esc50_frog_3-70962-B-4.wav,frog,data/processed/frog_local_esc50_frog_3-70962-B-4.wav,2.0,22050,esc50
frog_0088,frog_local_esc50_frog_3-70962-C-4.wav,frog,data/processed/frog_local_esc50_frog_3-70962-C-4.wav,2.0,22050,esc50
frog_0089,frog_local_esc50_frog_3-71964-A-4.wav,frog,data/processed/frog_local_esc50_frog_3-71964-A-4.wav,2.0,22050,esc50
frog_0090,frog_local_esc50_frog_3-71964-B-4.wav,frog,data/processed/frog_local_esc50_frog_3-71964-B-4.wav,2.0,22050,esc50
frog_0091,frog_local_esc50_frog_3-71964-C-4.wav,frog,data/processed/frog_local_esc50_frog_3-71964-C-4.wav,2.0,22050,esc50
frog_0092,frog_local_esc50_frog_3-83527-A-4.wav,frog,data/processed/frog_local_esc50_frog_3-83527-A-4.wav,2.0,22050,esc50
frog_0093,frog_local_esc50_frog_4-130584-A-4.wav,frog,data/processed/frog_local_esc50_frog_4-130584-A-4.wav,2.0,22050,esc50
frog_0094,frog_local_esc50_frog_4-154793-A-4.wav,frog,data/processed/frog_local_esc50_frog_4-154793-A-4.wav,2.0,22050,esc50
frog_0095,frog_local_esc50_frog_4-99193-A-4.wav,frog,data/processed/frog_local_esc50_frog_4-99193-A-4.wav,2.0,22050,esc50
frog_0096,frog_local_esc50_frog_4-99193-B-4.wav,frog,data/processed/frog_local_esc50_frog_4-99193-B-4.wav,2.0,22050,esc50
frog_0097,frog_local_esc50_frog_4-99644-A-4.wav,frog,data/processed/frog_local_esc50_frog_4-99644-A-4.wav,2.0,22050,esc50
frog_0098,frog_local_esc50_frog_4-99644-B-4.wav,frog,data/processed/frog_local_esc50_frog_4-99644-B-4.wav,2.0,22050,esc50
frog_0099,frog_local_esc50_frog_4-99644-C-4.wav,frog,data/processed/frog_local_esc50_frog_4-99644-C-4.wav,2.0,22050,esc50
frog_0100,frog_local_esc50_frog_4-99644-D-4.wav,frog,data/processed/frog_local_esc50_frog_4-99644-D-4.wav,2.0,22050,esc50
frog_0101,frog_local_esc50_frog_5-156026-A-4.wav,frog,data/processed/frog_local_esc50_frog_5-156026-A-4.wav,2.0,22050,esc50
frog_0102,frog_local_esc50_frog_5-156026-B-4.wav,frog,data/processed/frog_local_esc50_frog_5-156026-B-4.wav,2.0,22050,esc50
frog_0103,frog_local_esc50_frog_5-156026-C-4.wav,frog,data/processed/frog_local_esc50_frog_5-156026-C-4.wav,2.0,22050,esc50
frog_0104,frog_local_esc50_frog_5-156026-D-4.wav,frog,data/processed/frog_local_esc50_frog_5-156026-D-4.wav,2.0,22050,esc50
frog_0105,frog_local_esc50_frog_5-187201-A-4.wav,frog,data/processed/frog_local_esc50_frog_5-187201-A-4.wav,2.0,22050,esc50
frog_0106,frog_local_esc50_frog_5-187201-B-4.wav,frog,data/processed/frog_local_esc50_frog_5-187201-B-4.wav,2.0,22050,esc50
frog_0107,frog_local_esc50_frog_5-189795-A-4.wav,frog,data/processed/frog_local_esc50_frog_5-189795-A-4.wav,2.0,22050,esc50
frog_0108,frog_local_esc50_frog_5-237499-A-4.wav,frog,data/processed/frog_local_esc50_frog_5-237499-A-4.wav,2.0,22050,esc50
frog_0109,frog_local_kurbaga_10.wav,frog,data/processed/frog_local_kurbaga_10.wav,2.0,22050,local
frog_0110,frog_local_kurbaga_11.wav,frog,data/processed/frog_local_kurbaga_11.wav,2.0,22050,local
frog_0111,frog_local_kurbaga_12.wav,frog,data/processed/frog_local_kurbaga_12.wav,2.0,22050,local
frog_0112,frog_local_kurbaga_13.wav,frog,data/processed/frog_local_kurbaga_13.wav,2.0,22050,local
frog_0113,frog_local_kurbaga_20.wav,frog,data/processed/frog_local_kurbaga_20.wav,2.0,22050,local
frog_0114,frog_local_kurbaga_22.wav,frog,data/processed/frog_local_kurbaga_22.wav,2.0,22050,local
frog_0115,frog_local_kurbaga_23.wav,frog,data/processed/frog_local_kurbaga_23.wav,2.0,22050,local
frog_0116,frog_local_kurbaga_28.wav,frog,data/processed/frog_local_kurbaga_28.wav,2.0,22050,local
frog_0117,frog_local_kurbaga_3.wav,frog,data/processed/frog_local_kurbaga_3.wav,2.0,22050,local
frog_0118,frog_local_kurbaga_30.wav,frog,data/processed/frog_local_kurbaga_30.wav,2.0,22050,local
frog_0119,frog_local_kurbaga_34.wav,frog,data/processed/frog_local_kurbaga_34.wav,2.0,22050,local
frog_0120,frog_local_kurbaga_35.wav,frog,data/processed/frog_local_kurbaga_35.wav,2.0,22050,local
hen_0001,hen_animalqa_hen_hen0.wav,hen,data/processed/hen_animalqa_hen_hen0.wav,2.0,22050,animalqa
hen_0002,hen_animalqa_hen_hen1.wav,hen,data/processed/hen_animalqa_hen_hen1.wav,2.0,22050,animalqa
hen_0003,hen_animalqa_hen_hen10.wav,hen,data/processed/hen_animalqa_hen_hen10.wav,2.0,22050,animalqa
hen_0004,hen_animalqa_hen_hen11.wav,hen,data/processed/hen_animalqa_hen_hen11.wav,2.0,22050,animalqa
hen_0005,hen_animalqa_hen_hen12.wav,hen,data/processed/hen_animalqa_hen_hen12.wav,2.0,22050,animalqa
hen_0006,hen_animalqa_hen_hen13.wav,hen,data/processed/hen_animalqa_hen_hen13.wav,2.0,22050,animalqa
hen_0007,hen_animalqa_hen_hen14.wav,hen,data/processed/hen_animalqa_hen_hen14.wav,2.0,22050,animalqa
hen_0008,hen_animalqa_hen_hen15.wav,hen,data/processed/hen_animalqa_hen_hen15.wav,2.0,22050,animalqa
hen_0009,hen_animalqa_hen_hen16.wav,hen,data/processed/hen_animalqa_hen_hen16.wav,2.0,22050,animalqa
hen_0010,hen_animalqa_hen_hen17.wav,hen,data/processed/hen_animalqa_hen_hen17.wav,2.0,22050,animalqa
hen_0011,hen_animalqa_hen_hen18.wav,hen,data/processed/hen_animalqa_hen_hen18.wav,2.0,22050,animalqa
hen_0012,hen_animalqa_hen_hen19.wav,hen,data/processed/hen_animalqa_hen_hen19.wav,2.0,22050,animalqa
hen_0013,hen_animalqa_hen_hen2.wav,hen,data/processed/hen_animalqa_hen_hen2.wav,2.0,22050,animalqa
hen_0014,hen_animalqa_hen_hen20.wav,hen,data/processed/hen_animalqa_hen_hen20.wav,2.0,22050,animalqa
hen_0015,hen_animalqa_hen_hen21.wav,hen,data/processed/hen_animalqa_hen_hen21.wav,2.0,22050,animalqa
hen_0016,hen_animalqa_hen_hen22.wav,hen,data/processed/hen_animalqa_hen_hen22.wav,2.0,22050,animalqa
hen_0017,hen_animalqa_hen_hen23.wav,hen,data/processed/hen_animalqa_hen_hen23.wav,2.0,22050,animalqa
hen_0018,hen_animalqa_hen_hen24.wav,hen,data/processed/hen_animalqa_hen_hen24.wav,2.0,22050,animalqa
hen_0019,hen_animalqa_hen_hen25.wav,hen,data/processed/hen_animalqa_hen_hen25.wav,2.0,22050,animalqa
hen_0020,hen_animalqa_hen_hen26.wav,hen,data/processed/hen_animalqa_hen_hen26.wav,2.0,22050,animalqa
hen_0021,hen_animalqa_hen_hen27.wav,hen,data/processed/hen_animalqa_hen_hen27.wav,2.0,22050,animalqa
hen_0022,hen_animalqa_hen_hen28.wav,hen,data/processed/hen_animalqa_hen_hen28.wav,2.0,22050,animalqa
hen_0023,hen_animalqa_hen_hen29.wav,hen,data/processed/hen_animalqa_hen_hen29.wav,2.0,22050,animalqa
hen_0024,hen_animalqa_hen_hen3.wav,hen,data/processed/hen_animalqa_hen_hen3.wav,2.0,22050,animalqa
hen_0025,hen_animalqa_hen_hen30.wav,hen,data/processed/hen_animalqa_hen_hen30.wav,2.0,22050,animalqa
hen_0026,hen_animalqa_hen_hen31.wav,hen,data/processed/hen_animalqa_hen_hen31.wav,2.0,22050,animalqa
hen_0027,hen_animalqa_hen_hen32.wav,hen,data/processed/hen_animalqa_hen_hen32.wav,2.0,22050,animalqa
hen_0028,hen_animalqa_hen_hen33.wav,hen,data/processed/hen_animalqa_hen_hen33.wav,2.0,22050,animalqa
hen_0029,hen_animalqa_hen_hen34.wav,hen,data/processed/hen_animalqa_hen_hen34.wav,2.0,22050,animalqa
hen_0030,hen_animalqa_hen_hen35.wav,hen,data/processed/hen_animalqa_hen_hen35.wav,2.0,22050,animalqa
hen_0031,hen_animalqa_hen_hen36.wav,hen,data/processed/hen_animalqa_hen_hen36.wav,2.0,22050,animalqa
hen_0032,hen_animalqa_hen_hen37.wav,hen,data/processed/hen_animalqa_hen_hen37.wav,2.0,22050,animalqa
hen_0033,hen_animalqa_hen_hen38.wav,hen,data/processed/hen_animalqa_hen_hen38.wav,2.0,22050,animalqa
hen_0034,hen_animalqa_hen_hen39.wav,hen,data/processed/hen_animalqa_hen_hen39.wav,2.0,22050,animalqa
hen_0035,hen_animalqa_hen_hen4.wav,hen,data/processed/hen_animalqa_hen_hen4.wav,2.0,22050,animalqa
hen_0036,hen_animalqa_hen_hen5.wav,hen,data/processed/hen_animalqa_hen_hen5.wav,2.0,22050,animalqa
hen_0037,hen_animalqa_hen_hen6.wav,hen,data/processed/hen_animalqa_hen_hen6.wav,2.0,22050,animalqa
hen_0038,hen_animalqa_hen_hen7.wav,hen,data/processed/hen_animalqa_hen_hen7.wav,2.0,22050,animalqa
hen_0039,hen_animalqa_hen_hen8.wav,hen,data/processed/hen_animalqa_hen_hen8.wav,2.0,22050,animalqa
hen_0040,hen_animalqa_hen_hen9.wav,hen,data/processed/hen_animalqa_hen_hen9.wav,2.0,22050,animalqa
hen_0041,hen_dspvt_hen_1-31251-B-6.wav,hen,data/processed/hen_dspvt_hen_1-31251-B-6.wav,2.0,22050,unknown
hen_0042,hen_dspvt_hen_1-72229-A-6.wav,hen,data/processed/hen_dspvt_hen_1-72229-A-6.wav,2.0,22050,unknown
hen_0043,hen_dspvt_hen_1-72229-B-6.wav,hen,data/processed/hen_dspvt_hen_1-72229-B-6.wav,2.0,22050,unknown
hen_0044,hen_dspvt_hen_2-120586-A-6.wav,hen,data/processed/hen_dspvt_hen_2-120586-A-6.wav,2.0,22050,unknown
hen_0045,hen_dspvt_hen_2-127109-A-6.wav,hen,data/processed/hen_dspvt_hen_2-127109-A-6.wav,2.0,22050,unknown
hen_0046,hen_dspvt_hen_2-134049-A-6.wav,hen,data/processed/hen_dspvt_hen_2-134049-A-6.wav,2.0,22050,unknown
hen_0047,hen_dspvt_hen_2-157488-A-6.wav,hen,data/processed/hen_dspvt_hen_2-157488-A-6.wav,2.0,22050,unknown
hen_0048,hen_dspvt_hen_2-75726-A-6.wav,hen,data/processed/hen_dspvt_hen_2-75726-A-6.wav,2.0,22050,unknown
hen_0049,hen_dspvt_hen_2-76868-A-6.wav,hen,data/processed/hen_dspvt_hen_2-76868-A-6.wav,2.0,22050,unknown
hen_0050,hen_dspvt_hen_3-164216-A-6.wav,hen,data/processed/hen_dspvt_hen_3-164216-A-6.wav,2.0,22050,unknown
hen_0051,hen_dspvt_hen_3-187549-B-6.wav,hen,data/processed/hen_dspvt_hen_3-187549-B-6.wav,2.0,22050,unknown
hen_0052,hen_dspvt_hen_4-197103-A-6.wav,hen,data/processed/hen_dspvt_hen_4-197103-A-6.wav,2.0,22050,unknown
hen_0053,hen_dspvt_hen_4-234879-A-6.wav,hen,data/processed/hen_dspvt_hen_4-234879-A-6.wav,2.0,22050,unknown
hen_0054,hen_dspvt_hen_4-244318-A-6.wav,hen,data/processed/hen_dspvt_hen_4-244318-A-6.wav,2.0,22050,unknown
hen_0055,hen_dspvt_hen_4-253649-A-6.wav,hen,data/processed/hen_dspvt_hen_4-253649-A-6.wav,2.0,22050,unknown
hen_0056,hen_dspvt_hen_5-244315-C-6.wav,hen,data/processed/hen_dspvt_hen_5-244315-C-6.wav,2.0,22050,unknown
hen_0057,hen_dspvt_hen_5-248341-A-6.wav,hen,data/processed/hen_dspvt_hen_5-248341-A-6.wav,2.0,22050,unknown
hen_0058,hen_dspvt_hen_5-248341-B-6.wav,hen,data/processed/hen_dspvt_hen_5-248341-B-6.wav,2.0,22050,unknown
hen_0059,hen_dspvt_hen_5-248341-C-6.wav,hen,data/processed/hen_dspvt_hen_5-248341-C-6.wav,2.0,22050,unknown
hen_0060,hen_dspvt_hen_5-263831-A-6.wav,hen,data/processed/hen_dspvt_hen_5-263831-A-6.wav,2.0,22050,unknown
hen_0061,hen_esc50_hen_1-18074-A-6.wav,hen,data/processed/hen_esc50_hen_1-18074-A-6.wav,2.0,22050,esc50
hen_0062,hen_esc50_hen_1-18074-B-6.wav,hen,data/processed/hen_esc50_hen_1-18074-B-6.wav,2.0,22050,esc50
hen_0063,hen_esc50_hen_1-31251-A-6.wav,hen,data/processed/hen_esc50_hen_1-31251-A-6.wav,2.0,22050,esc50
hen_0064,hen_esc50_hen_1-31251-B-6.wav,hen,data/processed/hen_esc50_hen_1-31251-B-6.wav,2.0,22050,esc50
hen_0065,hen_esc50_hen_1-5996-A-6.wav,hen,data/processed/hen_esc50_hen_1-5996-A-6.wav,2.0,22050,esc50
hen_0066,hen_esc50_hen_1-71030-A-6.wav,hen,data/processed/hen_esc50_hen_1-71030-A-6.wav,2.0,22050,esc50
hen_0067,hen_esc50_hen_1-72229-A-6.wav,hen,data/processed/hen_esc50_hen_1-72229-A-6.wav,2.0,22050,esc50
hen_0068,hen_esc50_hen_1-72229-B-6.wav,hen,data/processed/hen_esc50_hen_1-72229-B-6.wav,2.0,22050,esc50
hen_0069,hen_esc50_hen_2-120586-A-6.wav,hen,data/processed/hen_esc50_hen_2-120586-A-6.wav,2.0,22050,esc50
hen_0070,hen_esc50_hen_2-120587-A-6.wav,hen,data/processed/hen_esc50_hen_2-120587-A-6.wav,2.0,22050,esc50
hen_0071,hen_esc50_hen_2-127109-A-6.wav,hen,data/processed/hen_esc50_hen_2-127109-A-6.wav,2.0,22050,esc50
hen_0072,hen_esc50_hen_2-134049-A-6.wav,hen,data/processed/hen_esc50_hen_2-134049-A-6.wav,2.0,22050,esc50
hen_0073,hen_esc50_hen_2-157488-A-6.wav,hen,data/processed/hen_esc50_hen_2-157488-A-6.wav,2.0,22050,esc50
hen_0074,hen_esc50_hen_2-72268-A-6.wav,hen,data/processed/hen_esc50_hen_2-72268-A-6.wav,2.0,22050,esc50
hen_0075,hen_esc50_hen_2-75726-A-6.wav,hen,data/processed/hen_esc50_hen_2-75726-A-6.wav,2.0,22050,esc50
hen_0076,hen_esc50_hen_2-76868-A-6.wav,hen,data/processed/hen_esc50_hen_2-76868-A-6.wav,2.0,22050,esc50
hen_0077,hen_esc50_hen_3-164216-A-6.wav,hen,data/processed/hen_esc50_hen_3-164216-A-6.wav,2.0,22050,esc50
hen_0078,hen_esc50_hen_3-164216-B-6.wav,hen,data/processed/hen_esc50_hen_3-164216-B-6.wav,2.0,22050,esc50
hen_0079,hen_esc50_hen_3-164216-C-6.wav,hen,data/processed/hen_esc50_hen_3-164216-C-6.wav,2.0,22050,esc50
hen_0080,hen_esc50_hen_3-171281-A-6.wav,hen,data/processed/hen_esc50_hen_3-171281-A-6.wav,2.0,22050,esc50
hen_0081,hen_esc50_hen_3-178096-A-6.wav,hen,data/processed/hen_esc50_hen_3-178096-A-6.wav,2.0,22050,esc50
hen_0082,hen_esc50_hen_3-187549-A-6.wav,hen,data/processed/hen_esc50_hen_3-187549-A-6.wav,2.0,22050,esc50
hen_0083,hen_esc50_hen_3-187549-B-6.wav,hen,data/processed/hen_esc50_hen_3-187549-B-6.wav,2.0,22050,esc50
hen_0084,hen_esc50_hen_3-188390-A-6.wav,hen,data/processed/hen_esc50_hen_3-188390-A-6.wav,2.0,22050,esc50
hen_0085,hen_esc50_hen_4-197103-A-6.wav,hen,data/processed/hen_esc50_hen_4-197103-A-6.wav,2.0,22050,esc50
hen_0086,hen_esc50_hen_4-200330-A-6.wav,hen,data/processed/hen_esc50_hen_4-200330-A-6.wav,2.0,22050,esc50
hen_0087,hen_esc50_hen_4-200330-B-6.wav,hen,data/processed/hen_esc50_hen_4-200330-B-6.wav,2.0,22050,esc50
hen_0088,hen_esc50_hen_4-204830-A-6.wav,hen,data/processed/hen_esc50_hen_4-204830-A-6.wav,2.0,22050,esc50
hen_0089,hen_esc50_hen_4-232495-A-6.wav,hen,data/processed/hen_esc50_hen_4-232495-A-6.wav,2.0,22050,esc50
hen_0090,hen_esc50_hen_4-234879-A-6.wav,hen,data/processed/hen_esc50_hen_4-234879-A-6.wav,2.0,22050,esc50
hen_0091,hen_esc50_hen_4-244318-A-6.wav,hen,data/processed/hen_esc50_hen_4-244318-A-6.wav,2.0,22050,esc50
hen_0092,hen_esc50_hen_4-253649-A-6.wav,hen,data/processed/hen_esc50_hen_4-253649-A-6.wav,2.0,22050,esc50
hen_0093,hen_esc50_hen_5-244315-A-6.wav,hen,data/processed/hen_esc50_hen_5-244315-A-6.wav,2.0,22050,esc50
hen_0094,hen_esc50_hen_5-244315-B-6.wav,hen,data/processed/hen_esc50_hen_5-244315-B-6.wav,2.0,22050,esc50
hen_0095,hen_esc50_hen_5-244315-C-6.wav,hen,data/processed/hen_esc50_hen_5-244315-C-6.wav,2.0,22050,esc50
hen_0096,hen_esc50_hen_5-248341-A-6.wav,hen,data/processed/hen_esc50_hen_5-248341-A-6.wav,2.0,22050,esc50
hen_0097,hen_esc50_hen_5-248341-B-6.wav,hen,data/processed/hen_esc50_hen_5-248341-B-6.wav,2.0,22050,esc50
hen_0098,hen_esc50_hen_5-248341-C-6.wav,hen,data/processed/hen_esc50_hen_5-248341-C-6.wav,2.0,22050,esc50
hen_0099,hen_esc50_hen_5-263831-A-6.wav,hen,data/processed/hen_esc50_hen_5-263831-A-6.wav,2.0,22050,esc50
hen_0100,hen_esc50_hen_5-263831-B-6.wav,hen,data/processed/hen_esc50_hen_5-263831-B-6.wav,2.0,22050,esc50
monkey_0001,monkey_cgeorgiaw_macaque_AL1.wav,monkey,data/processed/monkey_cgeorgiaw_macaque_AL1.wav,2.0,22050,unknown
monkey_0002,monkey_cgeorgiaw_macaque_AL10.wav,monkey,data/processed/monkey_cgeorgiaw_macaque_AL10.wav,2.0,22050,unknown
monkey_0003,monkey_cgeorgiaw_macaque_AL100.wav,monkey,data/processed/monkey_cgeorgiaw_macaque_AL100.wav,2.0,22050,unknown
monkey_0004,monkey_cgeorgiaw_macaque_AL101.wav,monkey,data/processed/monkey_cgeorgiaw_macaque_AL101.wav,2.0,22050,unknown
monkey_0005,monkey_cgeorgiaw_macaque_AL102.wav,monkey,data/processed/monkey_cgeorgiaw_macaque_AL102.wav,2.0,22050,unknown
monkey_0006,monkey_cgeorgiaw_macaque_AL103.wav,monkey,data/processed/monkey_cgeorgiaw_macaque_AL103.wav,2.0,22050,unknown
monkey_0007,monkey_cgeorgiaw_macaque_AL104.wav,monkey,data/processed/monkey_cgeorgiaw_macaque_AL104.wav,2.0,22050,unknown
monkey_0008,monkey_cgeorgiaw_macaque_AL105.wav,monkey,data/processed/monkey_cgeorgiaw_macaque_AL105.wav,2.0,22050,unknown
monkey_0009,monkey_cgeorgiaw_macaque_AL106.wav,monkey,data/processed/monkey_cgeorgiaw_macaque_AL106.wav,2.0,22050,unknown
monkey_0010,monkey_cgeorgiaw_macaque_AL107.wav,monkey,data/processed/monkey_cgeorgiaw_macaque_AL107.wav,2.0,22050,unknown
monkey_0011,monkey_cgeorgiaw_macaque_AL108.wav,monkey,data/processed/monkey_cgeorgiaw_macaque_AL108.wav,2.0,22050,unknown
monkey_0012,monkey_cgeorgiaw_macaque_AL109.wav,monkey,data/processed/monkey_cgeorgiaw_macaque_AL109.wav,2.0,22050,unknown
monkey_0013,monkey_cgeorgiaw_macaque_AL11.wav,monkey,data/processed/monkey_cgeorgiaw_macaque_AL11.wav,2.0,22050,unknown
monkey_0014,monkey_cgeorgiaw_macaque_AL110.wav,monkey,data/processed/monkey_cgeorgiaw_macaque_AL110.wav,2.0,22050,unknown
monkey_0015,monkey_cgeorgiaw_macaque_AL111.wav,monkey,data/processed/monkey_cgeorgiaw_macaque_AL111.wav,2.0,22050,unknown
monkey_0016,monkey_cgeorgiaw_macaque_AL112.wav,monkey,data/processed/monkey_cgeorgiaw_macaque_AL112.wav,2.0,22050,unknown
monkey_0017,monkey_cgeorgiaw_macaque_AL113.wav,monkey,data/processed/monkey_cgeorgiaw_macaque_AL113.wav,2.0,22050,unknown
monkey_0018,monkey_cgeorgiaw_macaque_AL114.wav,monkey,data/processed/monkey_cgeorgiaw_macaque_AL114.wav,2.0,22050,unknown
monkey_0019,monkey_cgeorgiaw_macaque_AL115.wav,monkey,data/processed/monkey_cgeorgiaw_macaque_AL115.wav,2.0,22050,unknown
monkey_0020,monkey_cgeorgiaw_macaque_AL116.wav,monkey,data/processed/monkey_cgeorgiaw_macaque_AL116.wav,2.0,22050,unknown
monkey_0021,monkey_cgeorgiaw_macaque_AL117.wav,monkey,data/processed/monkey_cgeorgiaw_macaque_AL117.wav,2.0,22050,unknown
monkey_0022,monkey_cgeorgiaw_macaque_AL118.wav,monkey,data/processed/monkey_cgeorgiaw_macaque_AL118.wav,2.0,22050,unknown
monkey_0023,monkey_cgeorgiaw_macaque_AL119.wav,monkey,data/processed/monkey_cgeorgiaw_macaque_AL119.wav,2.0,22050,unknown
monkey_0024,monkey_cgeorgiaw_macaque_AL12.wav,monkey,data/processed/monkey_cgeorgiaw_macaque_AL12.wav,2.0,22050,unknown
monkey_0025,monkey_cgeorgiaw_macaque_AL120.wav,monkey,data/processed/monkey_cgeorgiaw_macaque_AL120.wav,2.0,22050,unknown
monkey_0026,monkey_cgeorgiaw_macaque_AL121.wav,monkey,data/processed/monkey_cgeorgiaw_macaque_AL121.wav,2.0,22050,unknown
monkey_0027,monkey_cgeorgiaw_macaque_AL122.wav,monkey,data/processed/monkey_cgeorgiaw_macaque_AL122.wav,2.0,22050,unknown
monkey_0028,monkey_cgeorgiaw_macaque_AL123.wav,monkey,data/processed/monkey_cgeorgiaw_macaque_AL123.wav,2.0,22050,unknown
monkey_0029,monkey_cgeorgiaw_macaque_AL124.wav,monkey,data/processed/monkey_cgeorgiaw_macaque_AL124.wav,2.0,22050,unknown
monkey_0030,monkey_cgeorgiaw_macaque_AL125.wav,monkey,data/processed/monkey_cgeorgiaw_macaque_AL125.wav,2.0,22050,unknown
monkey_0031,monkey_cgeorgiaw_macaque_AL126.wav,monkey,data/processed/monkey_cgeorgiaw_macaque_AL126.wav,2.0,22050,unknown
monkey_0032,monkey_cgeorgiaw_macaque_AL127.wav,monkey,data/processed/monkey_cgeorgiaw_macaque_AL127.wav,2.0,22050,unknown
monkey_0033,monkey_cgeorgiaw_macaque_AL128.wav,monkey,data/processed/monkey_cgeorgiaw_macaque_AL128.wav,2.0,22050,unknown
monkey_0034,monkey_cgeorgiaw_macaque_AL129.wav,monkey,data/processed/monkey_cgeorgiaw_macaque_AL129.wav,2.0,22050,unknown
monkey_0035,monkey_cgeorgiaw_macaque_AL13.wav,monkey,data/processed/monkey_cgeorgiaw_macaque_AL13.wav,2.0,22050,unknown
monkey_0036,monkey_cgeorgiaw_macaque_AL130.wav,monkey,data/processed/monkey_cgeorgiaw_macaque_AL130.wav,2.0,22050,unknown
monkey_0037,monkey_cgeorgiaw_macaque_AL131.wav,monkey,data/processed/monkey_cgeorgiaw_macaque_AL131.wav,2.0,22050,unknown
monkey_0038,monkey_cgeorgiaw_macaque_AL132.wav,monkey,data/processed/monkey_cgeorgiaw_macaque_AL132.wav,2.0,22050,unknown
monkey_0039,monkey_cgeorgiaw_macaque_AL133.wav,monkey,data/processed/monkey_cgeorgiaw_macaque_AL133.wav,2.0,22050,unknown
monkey_0040,monkey_cgeorgiaw_macaque_AL134.wav,monkey,data/processed/monkey_cgeorgiaw_macaque_AL134.wav,2.0,22050,unknown
monkey_0041,monkey_cgeorgiaw_macaque_AL135.wav,monkey,data/processed/monkey_cgeorgiaw_macaque_AL135.wav,2.0,22050,unknown
monkey_0042,monkey_cgeorgiaw_macaque_AL136.wav,monkey,data/processed/monkey_cgeorgiaw_macaque_AL136.wav,2.0,22050,unknown
monkey_0043,monkey_cgeorgiaw_macaque_AL137.wav,monkey,data/processed/monkey_cgeorgiaw_macaque_AL137.wav,2.0,22050,unknown
monkey_0044,monkey_cgeorgiaw_macaque_AL138.wav,monkey,data/processed/monkey_cgeorgiaw_macaque_AL138.wav,2.0,22050,unknown
monkey_0045,monkey_cgeorgiaw_macaque_AL139.wav,monkey,data/processed/monkey_cgeorgiaw_macaque_AL139.wav,2.0,22050,unknown
monkey_0046,monkey_cgeorgiaw_macaque_AL14.wav,monkey,data/processed/monkey_cgeorgiaw_macaque_AL14.wav,2.0,22050,unknown
monkey_0047,monkey_cgeorgiaw_macaque_AL140.wav,monkey,data/processed/monkey_cgeorgiaw_macaque_AL140.wav,2.0,22050,unknown
monkey_0048,monkey_cgeorgiaw_macaque_AL141.wav,monkey,data/processed/monkey_cgeorgiaw_macaque_AL141.wav,2.0,22050,unknown
monkey_0049,monkey_cgeorgiaw_macaque_AL142.wav,monkey,data/processed/monkey_cgeorgiaw_macaque_AL142.wav,2.0,22050,unknown
monkey_0050,monkey_cgeorgiaw_macaque_AL143.wav,monkey,data/processed/monkey_cgeorgiaw_macaque_AL143.wav,2.0,22050,unknown
monkey_0051,monkey_cgeorgiaw_macaque_AL144.wav,monkey,data/processed/monkey_cgeorgiaw_macaque_AL144.wav,2.0,22050,unknown
monkey_0052,monkey_cgeorgiaw_macaque_AL145.wav,monkey,data/processed/monkey_cgeorgiaw_macaque_AL145.wav,2.0,22050,unknown
monkey_0053,monkey_cgeorgiaw_macaque_AL146.wav,monkey,data/processed/monkey_cgeorgiaw_macaque_AL146.wav,2.0,22050,unknown
monkey_0054,monkey_cgeorgiaw_macaque_AL147.wav,monkey,data/processed/monkey_cgeorgiaw_macaque_AL147.wav,2.0,22050,unknown
monkey_0055,monkey_cgeorgiaw_macaque_AL148.wav,monkey,data/processed/monkey_cgeorgiaw_macaque_AL148.wav,2.0,22050,unknown
monkey_0056,monkey_cgeorgiaw_macaque_AL149.wav,monkey,data/processed/monkey_cgeorgiaw_macaque_AL149.wav,2.0,22050,unknown
monkey_0057,monkey_cgeorgiaw_macaque_AL15.wav,monkey,data/processed/monkey_cgeorgiaw_macaque_AL15.wav,2.0,22050,unknown
monkey_0058,monkey_cgeorgiaw_macaque_AL150.wav,monkey,data/processed/monkey_cgeorgiaw_macaque_AL150.wav,2.0,22050,unknown
monkey_0059,monkey_cgeorgiaw_macaque_AL151.wav,monkey,data/processed/monkey_cgeorgiaw_macaque_AL151.wav,2.0,22050,unknown
monkey_0060,monkey_cgeorgiaw_macaque_AL152.wav,monkey,data/processed/monkey_cgeorgiaw_macaque_AL152.wav,2.0,22050,unknown
monkey_0061,monkey_cgeorgiaw_macaque_AL153.wav,monkey,data/processed/monkey_cgeorgiaw_macaque_AL153.wav,2.0,22050,unknown
monkey_0062,monkey_cgeorgiaw_macaque_AL154.wav,monkey,data/processed/monkey_cgeorgiaw_macaque_AL154.wav,2.0,22050,unknown
monkey_0063,monkey_cgeorgiaw_macaque_AL155.wav,monkey,data/processed/monkey_cgeorgiaw_macaque_AL155.wav,2.0,22050,unknown
monkey_0064,monkey_cgeorgiaw_macaque_AL156.wav,monkey,data/processed/monkey_cgeorgiaw_macaque_AL156.wav,2.0,22050,unknown
monkey_0065,monkey_cgeorgiaw_macaque_AL157.wav,monkey,data/processed/monkey_cgeorgiaw_macaque_AL157.wav,2.0,22050,unknown
monkey_0066,monkey_cgeorgiaw_macaque_AL158.wav,monkey,data/processed/monkey_cgeorgiaw_macaque_AL158.wav,2.0,22050,unknown
monkey_0067,monkey_cgeorgiaw_macaque_AL159.wav,monkey,data/processed/monkey_cgeorgiaw_macaque_AL159.wav,2.0,22050,unknown
monkey_0068,monkey_cgeorgiaw_macaque_AL16.wav,monkey,data/processed/monkey_cgeorgiaw_macaque_AL16.wav,2.0,22050,unknown
monkey_0069,monkey_cgeorgiaw_macaque_AL160.wav,monkey,data/processed/monkey_cgeorgiaw_macaque_AL160.wav,2.0,22050,unknown
monkey_0070,monkey_cgeorgiaw_macaque_AL161.wav,monkey,data/processed/monkey_cgeorgiaw_macaque_AL161.wav,2.0,22050,unknown
monkey_0071,monkey_cgeorgiaw_macaque_AL162.wav,monkey,data/processed/monkey_cgeorgiaw_macaque_AL162.wav,2.0,22050,unknown
monkey_0072,monkey_cgeorgiaw_macaque_AL163.wav,monkey,data/processed/monkey_cgeorgiaw_macaque_AL163.wav,2.0,22050,unknown
monkey_0073,monkey_cgeorgiaw_macaque_AL164.wav,monkey,data/processed/monkey_cgeorgiaw_macaque_AL164.wav,2.0,22050,unknown
monkey_0074,monkey_cgeorgiaw_macaque_AL165.wav,monkey,data/processed/monkey_cgeorgiaw_macaque_AL165.wav,2.0,22050,unknown
monkey_0075,monkey_cgeorgiaw_macaque_AL166.wav,monkey,data/processed/monkey_cgeorgiaw_macaque_AL166.wav,2.0,22050,unknown
monkey_0076,monkey_cgeorgiaw_macaque_AL167.wav,monkey,data/processed/monkey_cgeorgiaw_macaque_AL167.wav,2.0,22050,unknown
monkey_0077,monkey_cgeorgiaw_macaque_AL168.wav,monkey,data/processed/monkey_cgeorgiaw_macaque_AL168.wav,2.0,22050,unknown
monkey_0078,monkey_cgeorgiaw_macaque_AL169.wav,monkey,data/processed/monkey_cgeorgiaw_macaque_AL169.wav,2.0,22050,unknown
monkey_0079,monkey_cgeorgiaw_macaque_AL17.wav,monkey,data/processed/monkey_cgeorgiaw_macaque_AL17.wav,2.0,22050,unknown
monkey_0080,monkey_cgeorgiaw_macaque_AL170.wav,monkey,data/processed/monkey_cgeorgiaw_macaque_AL170.wav,2.0,22050,unknown
monkey_0081,monkey_cgeorgiaw_macaque_AL171.wav,monkey,data/processed/monkey_cgeorgiaw_macaque_AL171.wav,2.0,22050,unknown
monkey_0082,monkey_cgeorgiaw_macaque_AL172.wav,monkey,data/processed/monkey_cgeorgiaw_macaque_AL172.wav,2.0,22050,unknown
monkey_0083,monkey_cgeorgiaw_macaque_AL173.wav,monkey,data/processed/monkey_cgeorgiaw_macaque_AL173.wav,2.0,22050,unknown
monkey_0084,monkey_cgeorgiaw_macaque_AL174.wav,monkey,data/processed/monkey_cgeorgiaw_macaque_AL174.wav,2.0,22050,unknown
monkey_0085,monkey_cgeorgiaw_macaque_AL175.wav,monkey,data/processed/monkey_cgeorgiaw_macaque_AL175.wav,2.0,22050,unknown
monkey_0086,monkey_dynamicsuperb_monkey_audio376.wav,monkey,data/processed/monkey_dynamicsuperb_monkey_audio376.wav,2.0,22050,dynamicsuperb
monkey_0087,monkey_dynamicsuperb_monkey_audio377.wav,monkey,data/processed/monkey_dynamicsuperb_monkey_audio377.wav,2.0,22050,dynamicsuperb
monkey_0088,monkey_dynamicsuperb_monkey_audio378.wav,monkey,data/processed/monkey_dynamicsuperb_monkey_audio378.wav,2.0,22050,dynamicsuperb
monkey_0089,monkey_dynamicsuperb_monkey_audio379.wav,monkey,data/processed/monkey_dynamicsuperb_monkey_audio379.wav,2.0,22050,dynamicsuperb
monkey_0090,monkey_dynamicsuperb_monkey_audio380.wav,monkey,data/processed/monkey_dynamicsuperb_monkey_audio380.wav,2.0,22050,dynamicsuperb
monkey_0091,monkey_dynamicsuperb_monkey_audio381.wav,monkey,data/processed/monkey_dynamicsuperb_monkey_audio381.wav,2.0,22050,dynamicsuperb
monkey_0092,monkey_dynamicsuperb_monkey_audio382.wav,monkey,data/processed/monkey_dynamicsuperb_monkey_audio382.wav,2.0,22050,dynamicsuperb
monkey_0093,monkey_dynamicsuperb_monkey_audio383.wav,monkey,data/processed/monkey_dynamicsuperb_monkey_audio383.wav,2.0,22050,dynamicsuperb
monkey_0094,monkey_dynamicsuperb_monkey_audio384.wav,monkey,data/processed/monkey_dynamicsuperb_monkey_audio384.wav,2.0,22050,dynamicsuperb
monkey_0095,monkey_dynamicsuperb_monkey_audio385.wav,monkey,data/processed/monkey_dynamicsuperb_monkey_audio385.wav,2.0,22050,dynamicsuperb
monkey_0096,monkey_dynamicsuperb_monkey_audio386.wav,monkey,data/processed/monkey_dynamicsuperb_monkey_audio386.wav,2.0,22050,dynamicsuperb
monkey_0097,monkey_dynamicsuperb_monkey_audio387.wav,monkey,data/processed/monkey_dynamicsuperb_monkey_audio387.wav,2.0,22050,dynamicsuperb
monkey_0098,monkey_dynamicsuperb_monkey_audio388.wav,monkey,data/processed/monkey_dynamicsuperb_monkey_audio388.wav,2.0,22050,dynamicsuperb
monkey_0099,monkey_dynamicsuperb_monkey_audio389.wav,monkey,data/processed/monkey_dynamicsuperb_monkey_audio389.wav,2.0,22050,dynamicsuperb
monkey_0100,monkey_dynamicsuperb_monkey_audio390.wav,monkey,data/processed/monkey_dynamicsuperb_monkey_audio390.wav,2.0,22050,dynamicsuperb
monkey_0101,monkey_dynamicsuperb_monkey_audio391.wav,monkey,data/processed/monkey_dynamicsuperb_monkey_audio391.wav,2.0,22050,dynamicsuperb
monkey_0102,monkey_dynamicsuperb_monkey_audio392.wav,monkey,data/processed/monkey_dynamicsuperb_monkey_audio392.wav,2.0,22050,dynamicsuperb
monkey_0103,monkey_dynamicsuperb_monkey_audio393.wav,monkey,data/processed/monkey_dynamicsuperb_monkey_audio393.wav,2.0,22050,dynamicsuperb
monkey_0104,monkey_dynamicsuperb_monkey_audio394.wav,monkey,data/processed/monkey_dynamicsuperb_monkey_audio394.wav,2.0,22050,dynamicsuperb
monkey_0105,monkey_dynamicsuperb_monkey_audio395.wav,monkey,data/processed/monkey_dynamicsuperb_monkey_audio395.wav,2.0,22050,dynamicsuperb
monkey_0106,monkey_dynamicsuperb_monkey_audio396.wav,monkey,data/processed/monkey_dynamicsuperb_monkey_audio396.wav,2.0,22050,dynamicsuperb
monkey_0107,monkey_dynamicsuperb_monkey_audio397.wav,monkey,data/processed/monkey_dynamicsuperb_monkey_audio397.wav,2.0,22050,dynamicsuperb
monkey_0108,monkey_dynamicsuperb_monkey_audio398.wav,monkey,data/processed/monkey_dynamicsuperb_monkey_audio398.wav,2.0,22050,dynamicsuperb
monkey_0109,monkey_dynamicsuperb_monkey_audio399.wav,monkey,data/processed/monkey_dynamicsuperb_monkey_audio399.wav,2.0,22050,dynamicsuperb
monkey_0110,monkey_dynamicsuperb_monkey_audio400.wav,monkey,data/processed/monkey_dynamicsuperb_monkey_audio400.wav,2.0,22050,dynamicsuperb
monkey_0111,monkey_local_Monkey_1.wav,monkey,data/processed/monkey_local_Monkey_1.wav,2.0,22050,local
monkey_0112,monkey_local_Monkey_10.wav,monkey,data/processed/monkey_local_Monkey_10.wav,2.0,22050,local
monkey_0113,monkey_local_Monkey_12.wav,monkey,data/processed/monkey_local_Monkey_12.wav,2.0,22050,local
monkey_0114,monkey_local_Monkey_14.wav,monkey,data/processed/monkey_local_Monkey_14.wav,2.0,22050,local
monkey_0115,monkey_local_Monkey_16.wav,monkey,data/processed/monkey_local_Monkey_16.wav,2.0,22050,local
monkey_0116,monkey_local_Monkey_18.wav,monkey,data/processed/monkey_local_Monkey_18.wav,2.0,22050,local
monkey_0117,monkey_local_Monkey_19.wav,monkey,data/processed/monkey_local_Monkey_19.wav,2.0,22050,local
monkey_0118,monkey_local_Monkey_2.wav,monkey,data/processed/monkey_local_Monkey_2.wav,2.0,22050,local
monkey_0119,monkey_local_Monkey_20.wav,monkey,data/processed/monkey_local_Monkey_20.wav,2.0,22050,local
monkey_0120,monkey_local_Monkey_21.wav,monkey,data/processed/monkey_local_Monkey_21.wav,2.0,22050,local
monkey_0121,monkey_local_Monkey_22.wav,monkey,data/processed/monkey_local_Monkey_22.wav,2.0,22050,local
monkey_0122,monkey_local_Monkey_24.wav,monkey,data/processed/monkey_local_Monkey_24.wav,2.0,22050,local
monkey_0123,monkey_local_Monkey_25.wav,monkey,data/processed/monkey_local_Monkey_25.wav,2.0,22050,local
monkey_0124,monkey_local_Monkey_26.wav,monkey,data/processed/monkey_local_Monkey_26.wav,2.0,22050,local
monkey_0125,monkey_local_Monkey_27.wav,monkey,data/processed/monkey_local_Monkey_27.wav,2.0,22050,local
monkey_0126,monkey_local_Monkey_28.wav,monkey,data/processed/monkey_local_Monkey_28.wav,2.0,22050,local
monkey_0127,monkey_local_Monkey_29.wav,monkey,data/processed/monkey_local_Monkey_29.wav,2.0,22050,local
monkey_0128,monkey_local_Monkey_3.wav,monkey,data/processed/monkey_local_Monkey_3.wav,2.0,22050,local
monkey_0129,monkey_local_Monkey_30.wav,monkey,data/processed/monkey_local_Monkey_30.wav,2.0,22050,local
monkey_0130,monkey_local_Monkey_31.wav,monkey,data/processed/monkey_local_Monkey_31.wav,2.0,22050,local
monkey_0131,monkey_local_Monkey_32.wav,monkey,data/processed/monkey_local_Monkey_32.wav,2.0,22050,local
monkey_0132,monkey_local_Monkey_33.wav,monkey,data/processed/monkey_local_Monkey_33.wav,2.0,22050,local
monkey_0133,monkey_local_Monkey_34.wav,monkey,data/processed/monkey_local_Monkey_34.wav,2.0,22050,local
monkey_0134,monkey_local_Monkey_36.wav,monkey,data/processed/monkey_local_Monkey_36.wav,2.0,22050,local
monkey_0135,monkey_local_Monkey_37.wav,monkey,data/processed/monkey_local_Monkey_37.wav,2.0,22050,local
monkey_0136,monkey_local_Monkey_38.wav,monkey,data/processed/monkey_local_Monkey_38.wav,2.0,22050,local
monkey_0137,monkey_local_Monkey_39.wav,monkey,data/processed/monkey_local_Monkey_39.wav,2.0,22050,local
monkey_0138,monkey_local_Monkey_4.wav,monkey,data/processed/monkey_local_Monkey_4.wav,2.0,22050,local
monkey_0139,monkey_local_Monkey_41.wav,monkey,data/processed/monkey_local_Monkey_41.wav,2.0,22050,local
monkey_0140,monkey_local_Monkey_42.wav,monkey,data/processed/monkey_local_Monkey_42.wav,2.0,22050,local
monkey_0141,monkey_local_Monkey_43.wav,monkey,data/processed/monkey_local_Monkey_43.wav,2.0,22050,local
monkey_0142,monkey_local_Monkey_44.wav,monkey,data/processed/monkey_local_Monkey_44.wav,2.0,22050,local
monkey_0143,monkey_local_Monkey_46.wav,monkey,data/processed/monkey_local_Monkey_46.wav,2.0,22050,local
monkey_0144,monkey_local_Monkey_48.wav,monkey,data/processed/monkey_local_Monkey_48.wav,2.0,22050,local
monkey_0145,monkey_local_Monkey_5.wav,monkey,data/processed/monkey_local_Monkey_5.wav,2.0,22050,local
monkey_0146,monkey_local_Monkey_50.wav,monkey,data/processed/monkey_local_Monkey_50.wav,2.0,22050,local
monkey_0147,monkey_local_Monkey_6.wav,monkey,data/processed/monkey_local_Monkey_6.wav,2.0,22050,local
monkey_0148,monkey_local_Monkey_7.wav,monkey,data/processed/monkey_local_Monkey_7.wav,2.0,22050,local
monkey_0149,monkey_local_Monkey_8.wav,monkey,data/processed/monkey_local_Monkey_8.wav,2.0,22050,local
monkey_0150,monkey_local_Monkey_9.wav,monkey,data/processed/monkey_local_Monkey_9.wav,2.0,22050,local
rooster_0001,rooster_animalqa_rooster_rooster0.wav,rooster,data/processed/rooster_animalqa_rooster_rooster0.wav,2.0,22050,animalqa
rooster_0002,rooster_animalqa_rooster_rooster1.wav,rooster,data/processed/rooster_animalqa_rooster_rooster1.wav,2.0,22050,animalqa
rooster_0003,rooster_animalqa_rooster_rooster10.wav,rooster,data/processed/rooster_animalqa_rooster_rooster10.wav,2.0,22050,animalqa
rooster_0004,rooster_animalqa_rooster_rooster11.wav,rooster,data/processed/rooster_animalqa_rooster_rooster11.wav,2.0,22050,animalqa
rooster_0005,rooster_animalqa_rooster_rooster12.wav,rooster,data/processed/rooster_animalqa_rooster_rooster12.wav,2.0,22050,animalqa
rooster_0006,rooster_animalqa_rooster_rooster13.wav,rooster,data/processed/rooster_animalqa_rooster_rooster13.wav,2.0,22050,animalqa
rooster_0007,rooster_animalqa_rooster_rooster14.wav,rooster,data/processed/rooster_animalqa_rooster_rooster14.wav,2.0,22050,animalqa
rooster_0008,rooster_animalqa_rooster_rooster15.wav,rooster,data/processed/rooster_animalqa_rooster_rooster15.wav,2.0,22050,animalqa
rooster_0009,rooster_animalqa_rooster_rooster16.wav,rooster,data/processed/rooster_animalqa_rooster_rooster16.wav,2.0,22050,animalqa
rooster_0010,rooster_animalqa_rooster_rooster17.wav,rooster,data/processed/rooster_animalqa_rooster_rooster17.wav,2.0,22050,animalqa
rooster_0011,rooster_animalqa_rooster_rooster18.wav,rooster,data/processed/rooster_animalqa_rooster_rooster18.wav,2.0,22050,animalqa
rooster_0012,rooster_animalqa_rooster_rooster19.wav,rooster,data/processed/rooster_animalqa_rooster_rooster19.wav,2.0,22050,animalqa
rooster_0013,rooster_animalqa_rooster_rooster2.wav,rooster,data/processed/rooster_animalqa_rooster_rooster2.wav,2.0,22050,animalqa
rooster_0014,rooster_animalqa_rooster_rooster20.wav,rooster,data/processed/rooster_animalqa_rooster_rooster20.wav,2.0,22050,animalqa
rooster_0015,rooster_animalqa_rooster_rooster21.wav,rooster,data/processed/rooster_animalqa_rooster_rooster21.wav,2.0,22050,animalqa
rooster_0016,rooster_animalqa_rooster_rooster22.wav,rooster,data/processed/rooster_animalqa_rooster_rooster22.wav,2.0,22050,animalqa
rooster_0017,rooster_animalqa_rooster_rooster23.wav,rooster,data/processed/rooster_animalqa_rooster_rooster23.wav,2.0,22050,animalqa
rooster_0018,rooster_animalqa_rooster_rooster24.wav,rooster,data/processed/rooster_animalqa_rooster_rooster24.wav,2.0,22050,animalqa
rooster_0019,rooster_animalqa_rooster_rooster25.wav,rooster,data/processed/rooster_animalqa_rooster_rooster25.wav,2.0,22050,animalqa
rooster_0020,rooster_animalqa_rooster_rooster26.wav,rooster,data/processed/rooster_animalqa_rooster_rooster26.wav,2.0,22050,animalqa
rooster_0021,rooster_animalqa_rooster_rooster27.wav,rooster,data/processed/rooster_animalqa_rooster_rooster27.wav,2.0,22050,animalqa
rooster_0022,rooster_animalqa_rooster_rooster28.wav,rooster,data/processed/rooster_animalqa_rooster_rooster28.wav,2.0,22050,animalqa
rooster_0023,rooster_animalqa_rooster_rooster29.wav,rooster,data/processed/rooster_animalqa_rooster_rooster29.wav,2.0,22050,animalqa
rooster_0024,rooster_animalqa_rooster_rooster3.wav,rooster,data/processed/rooster_animalqa_rooster_rooster3.wav,2.0,22050,animalqa
rooster_0025,rooster_animalqa_rooster_rooster30.wav,rooster,data/processed/rooster_animalqa_rooster_rooster30.wav,2.0,22050,animalqa
rooster_0026,rooster_animalqa_rooster_rooster31.wav,rooster,data/processed/rooster_animalqa_rooster_rooster31.wav,2.0,22050,animalqa
rooster_0027,rooster_animalqa_rooster_rooster32.wav,rooster,data/processed/rooster_animalqa_rooster_rooster32.wav,2.0,22050,animalqa
rooster_0028,rooster_animalqa_rooster_rooster33.wav,rooster,data/processed/rooster_animalqa_rooster_rooster33.wav,2.0,22050,animalqa
rooster_0029,rooster_animalqa_rooster_rooster34.wav,rooster,data/processed/rooster_animalqa_rooster_rooster34.wav,2.0,22050,animalqa
rooster_0030,rooster_animalqa_rooster_rooster35.wav,rooster,data/processed/rooster_animalqa_rooster_rooster35.wav,2.0,22050,animalqa
rooster_0031,rooster_animalqa_rooster_rooster36.wav,rooster,data/processed/rooster_animalqa_rooster_rooster36.wav,2.0,22050,animalqa
rooster_0032,rooster_animalqa_rooster_rooster37.wav,rooster,data/processed/rooster_animalqa_rooster_rooster37.wav,2.0,22050,animalqa
rooster_0033,rooster_animalqa_rooster_rooster38.wav,rooster,data/processed/rooster_animalqa_rooster_rooster38.wav,2.0,22050,animalqa
rooster_0034,rooster_animalqa_rooster_rooster39.wav,rooster,data/processed/rooster_animalqa_rooster_rooster39.wav,2.0,22050,animalqa
rooster_0035,rooster_animalqa_rooster_rooster4.wav,rooster,data/processed/rooster_animalqa_rooster_rooster4.wav,2.0,22050,animalqa
rooster_0036,rooster_animalqa_rooster_rooster5.wav,rooster,data/processed/rooster_animalqa_rooster_rooster5.wav,2.0,22050,animalqa
rooster_0037,rooster_animalqa_rooster_rooster6.wav,rooster,data/processed/rooster_animalqa_rooster_rooster6.wav,2.0,22050,animalqa
rooster_0038,rooster_animalqa_rooster_rooster7.wav,rooster,data/processed/rooster_animalqa_rooster_rooster7.wav,2.0,22050,animalqa
rooster_0039,rooster_animalqa_rooster_rooster8.wav,rooster,data/processed/rooster_animalqa_rooster_rooster8.wav,2.0,22050,animalqa
rooster_0040,rooster_animalqa_rooster_rooster9.wav,rooster,data/processed/rooster_animalqa_rooster_rooster9.wav,2.0,22050,animalqa
rooster_0041,rooster_dspvt_rooster_1-27724-A-1.wav,rooster,data/processed/rooster_dspvt_rooster_1-27724-A-1.wav,2.0,22050,unknown
rooster_0042,rooster_dspvt_rooster_1-34119-A-1.wav,rooster,data/processed/rooster_dspvt_rooster_1-34119-A-1.wav,2.0,22050,unknown
rooster_0043,rooster_dspvt_rooster_2-100786-A-1.wav,rooster,data/processed/rooster_dspvt_rooster_2-100786-A-1.wav,2.0,22050,unknown
rooster_0044,rooster_dspvt_rooster_2-71162-A-1.wav,rooster,data/processed/rooster_dspvt_rooster_2-71162-A-1.wav,2.0,22050,unknown
rooster_0045,rooster_dspvt_rooster_2-81270-A-1.wav,rooster,data/processed/rooster_dspvt_rooster_2-81270-A-1.wav,2.0,22050,unknown
rooster_0046,rooster_dspvt_rooster_2-95258-B-1.wav,rooster,data/processed/rooster_dspvt_rooster_2-95258-B-1.wav,2.0,22050,unknown
rooster_0047,rooster_dspvt_rooster_2-96460-A-1.wav,rooster,data/processed/rooster_dspvt_rooster_2-96460-A-1.wav,2.0,22050,unknown
rooster_0048,rooster_dspvt_rooster_3-116135-A-1.wav,rooster,data/processed/rooster_dspvt_rooster_3-116135-A-1.wav,2.0,22050,unknown
rooster_0049,rooster_dspvt_rooster_3-134049-A-1.wav,rooster,data/processed/rooster_dspvt_rooster_3-134049-A-1.wav,2.0,22050,unknown
rooster_0050,rooster_dspvt_rooster_3-145382-A-1.wav,rooster,data/processed/rooster_dspvt_rooster_3-145382-A-1.wav,2.0,22050,unknown
rooster_0051,rooster_dspvt_rooster_3-154957-A-1.wav,rooster,data/processed/rooster_dspvt_rooster_3-154957-A-1.wav,2.0,22050,unknown
rooster_0052,rooster_dspvt_rooster_4-164064-A-1.wav,rooster,data/processed/rooster_dspvt_rooster_4-164064-A-1.wav,2.0,22050,unknown
rooster_0053,rooster_dspvt_rooster_4-183487-A-1.wav,rooster,data/processed/rooster_dspvt_rooster_4-183487-A-1.wav,2.0,22050,unknown
rooster_0054,rooster_dspvt_rooster_4-208021-A-1.wav,rooster,data/processed/rooster_dspvt_rooster_4-208021-A-1.wav,2.0,22050,unknown
rooster_0055,rooster_dspvt_rooster_5-194930-A-1.wav,rooster,data/processed/rooster_dspvt_rooster_5-194930-A-1.wav,2.0,22050,unknown
rooster_0056,rooster_dspvt_rooster_5-194930-B-1.wav,rooster,data/processed/rooster_dspvt_rooster_5-194930-B-1.wav,2.0,22050,unknown
rooster_0057,rooster_dspvt_rooster_5-200334-A-1.wav,rooster,data/processed/rooster_dspvt_rooster_5-200334-A-1.wav,2.0,22050,unknown
rooster_0058,rooster_dspvt_rooster_5-200339-A-1.wav,rooster,data/processed/rooster_dspvt_rooster_5-200339-A-1.wav,2.0,22050,unknown
rooster_0059,rooster_dspvt_rooster_5-233160-A-1.wav,rooster,data/processed/rooster_dspvt_rooster_5-233160-A-1.wav,2.0,22050,unknown
rooster_0060,rooster_dspvt_rooster_5-234879-A-1.wav,rooster,data/processed/rooster_dspvt_rooster_5-234879-A-1.wav,2.0,22050,unknown
rooster_0061,rooster_esc50_rooster_1-26806-A-1.wav,rooster,data/processed/rooster_esc50_rooster_1-26806-A-1.wav,2.0,22050,esc50
rooster_0062,rooster_esc50_rooster_1-27724-A-1.wav,rooster,data/processed/rooster_esc50_rooster_1-27724-A-1.wav,2.0,22050,esc50
rooster_0063,rooster_esc50_rooster_1-34119-A-1.wav,rooster,data/processed/rooster_esc50_rooster_1-34119-A-1.wav,2.0,22050,esc50
rooster_0064,rooster_esc50_rooster_1-34119-B-1.wav,rooster,data/processed/rooster_esc50_rooster_1-34119-B-1.wav,2.0,22050,esc50
rooster_0065,rooster_esc50_rooster_1-39923-A-1.wav,rooster,data/processed/rooster_esc50_rooster_1-39923-A-1.wav,2.0,22050,esc50
rooster_0066,rooster_esc50_rooster_1-40730-A-1.wav,rooster,data/processed/rooster_esc50_rooster_1-40730-A-1.wav,2.0,22050,esc50
rooster_0067,rooster_esc50_rooster_1-43382-A-1.wav,rooster,data/processed/rooster_esc50_rooster_1-43382-A-1.wav,2.0,22050,esc50
rooster_0068,rooster_esc50_rooster_1-44831-A-1.wav,rooster,data/processed/rooster_esc50_rooster_1-44831-A-1.wav,2.0,22050,esc50
rooster_0069,rooster_esc50_rooster_2-100786-A-1.wav,rooster,data/processed/rooster_esc50_rooster_2-100786-A-1.wav,2.0,22050,esc50
rooster_0070,rooster_esc50_rooster_2-65750-A-1.wav,rooster,data/processed/rooster_esc50_rooster_2-65750-A-1.wav,2.0,22050,esc50
rooster_0071,rooster_esc50_rooster_2-71162-A-1.wav,rooster,data/processed/rooster_esc50_rooster_2-71162-A-1.wav,2.0,22050,esc50
rooster_0072,rooster_esc50_rooster_2-81270-A-1.wav,rooster,data/processed/rooster_esc50_rooster_2-81270-A-1.wav,2.0,22050,esc50
rooster_0073,rooster_esc50_rooster_2-95035-A-1.wav,rooster,data/processed/rooster_esc50_rooster_2-95035-A-1.wav,2.0,22050,esc50
rooster_0074,rooster_esc50_rooster_2-95258-A-1.wav,rooster,data/processed/rooster_esc50_rooster_2-95258-A-1.wav,2.0,22050,esc50
rooster_0075,rooster_esc50_rooster_2-95258-B-1.wav,rooster,data/processed/rooster_esc50_rooster_2-95258-B-1.wav,2.0,22050,esc50
rooster_0076,rooster_esc50_rooster_2-96460-A-1.wav,rooster,data/processed/rooster_esc50_rooster_2-96460-A-1.wav,2.0,22050,esc50
rooster_0077,rooster_esc50_rooster_3-107219-A-1.wav,rooster,data/processed/rooster_esc50_rooster_3-107219-A-1.wav,2.0,22050,esc50
rooster_0078,rooster_esc50_rooster_3-116135-A-1.wav,rooster,data/processed/rooster_esc50_rooster_3-116135-A-1.wav,2.0,22050,esc50
rooster_0079,rooster_esc50_rooster_3-134049-A-1.wav,rooster,data/processed/rooster_esc50_rooster_3-134049-A-1.wav,2.0,22050,esc50
rooster_0080,rooster_esc50_rooster_3-137152-A-1.wav,rooster,data/processed/rooster_esc50_rooster_3-137152-A-1.wav,2.0,22050,esc50
rooster_0081,rooster_esc50_rooster_3-145382-A-1.wav,rooster,data/processed/rooster_esc50_rooster_3-145382-A-1.wav,2.0,22050,esc50
rooster_0082,rooster_esc50_rooster_3-149189-A-1.wav,rooster,data/processed/rooster_esc50_rooster_3-149189-A-1.wav,2.0,22050,esc50
rooster_0083,rooster_esc50_rooster_3-154957-A-1.wav,rooster,data/processed/rooster_esc50_rooster_3-154957-A-1.wav,2.0,22050,esc50
rooster_0084,rooster_esc50_rooster_3-163288-A-1.wav,rooster,data/processed/rooster_esc50_rooster_3-163288-A-1.wav,2.0,22050,esc50
rooster_0085,rooster_esc50_rooster_4-164021-A-1.wav,rooster,data/processed/rooster_esc50_rooster_4-164021-A-1.wav,2.0,22050,esc50
rooster_0086,rooster_esc50_rooster_4-164064-A-1.wav,rooster,data/processed/rooster_esc50_rooster_4-164064-A-1.wav,2.0,22050,esc50
rooster_0087,rooster_esc50_rooster_4-164064-B-1.wav,rooster,data/processed/rooster_esc50_rooster_4-164064-B-1.wav,2.0,22050,esc50
rooster_0088,rooster_esc50_rooster_4-164064-C-1.wav,rooster,data/processed/rooster_esc50_rooster_4-164064-C-1.wav,2.0,22050,esc50
rooster_0089,rooster_esc50_rooster_4-164859-A-1.wav,rooster,data/processed/rooster_esc50_rooster_4-164859-A-1.wav,2.0,22050,esc50
rooster_0090,rooster_esc50_rooster_4-170078-A-1.wav,rooster,data/processed/rooster_esc50_rooster_4-170078-A-1.wav,2.0,22050,esc50
rooster_0091,rooster_esc50_rooster_4-183487-A-1.wav,rooster,data/processed/rooster_esc50_rooster_4-183487-A-1.wav,2.0,22050,esc50
rooster_0092,rooster_esc50_rooster_4-208021-A-1.wav,rooster,data/processed/rooster_esc50_rooster_4-208021-A-1.wav,2.0,22050,esc50
rooster_0093,rooster_esc50_rooster_5-194930-A-1.wav,rooster,data/processed/rooster_esc50_rooster_5-194930-A-1.wav,2.0,22050,esc50
rooster_0094,rooster_esc50_rooster_5-194930-B-1.wav,rooster,data/processed/rooster_esc50_rooster_5-194930-B-1.wav,2.0,22050,esc50
rooster_0095,rooster_esc50_rooster_5-200334-A-1.wav,rooster,data/processed/rooster_esc50_rooster_5-200334-A-1.wav,2.0,22050,esc50
rooster_0096,rooster_esc50_rooster_5-200334-B-1.wav,rooster,data/processed/rooster_esc50_rooster_5-200334-B-1.wav,2.0,22050,esc50
rooster_0097,rooster_esc50_rooster_5-200339-A-1.wav,rooster,data/processed/rooster_esc50_rooster_5-200339-A-1.wav,2.0,22050,esc50
rooster_0098,rooster_esc50_rooster_5-233160-A-1.wav,rooster,data/processed/rooster_esc50_rooster_5-233160-A-1.wav,2.0,22050,esc50
rooster_0099,rooster_esc50_rooster_5-234879-A-1.wav,rooster,data/processed/rooster_esc50_rooster_5-234879-A-1.wav,2.0,22050,esc50
rooster_0100,rooster_esc50_rooster_5-234879-B-1.wav,rooster,data/processed/rooster_esc50_rooster_5-234879-B-1.wav,2.0,22050,esc50
sheep_0001,sheep_dynamicsuperb_private_sheep_1-121951-A-8.wav,sheep,data/processed/sheep_dynamicsuperb_private_sheep_1-121951-A-8.wav,2.0,22050,dynamicsuperb
sheep_0002,sheep_dynamicsuperb_private_sheep_1-49409-A-8.wav,sheep,data/processed/sheep_dynamicsuperb_private_sheep_1-49409-A-8.wav,2.0,22050,dynamicsuperb
sheep_0003,sheep_dynamicsuperb_private_sheep_1-88574-A-8.wav,sheep,data/processed/sheep_dynamicsuperb_private_sheep_1-88574-A-8.wav,2.0,22050,dynamicsuperb
sheep_0004,sheep_dynamicsuperb_private_sheep_2-110614-B-8.wav,sheep,data/processed/sheep_dynamicsuperb_private_sheep_2-110614-B-8.wav,2.0,22050,dynamicsuperb
sheep_0005,sheep_dynamicsuperb_private_sheep_2-119161-B-8.wav,sheep,data/processed/sheep_dynamicsuperb_private_sheep_2-119161-B-8.wav,2.0,22050,dynamicsuperb
sheep_0006,sheep_dynamicsuperb_private_sheep_2-182508-B-8.wav,sheep,data/processed/sheep_dynamicsuperb_private_sheep_2-182508-B-8.wav,2.0,22050,dynamicsuperb
sheep_0007,sheep_dynamicsuperb_private_sheep_2-196688-A-8.wav,sheep,data/processed/sheep_dynamicsuperb_private_sheep_2-196688-A-8.wav,2.0,22050,dynamicsuperb
sheep_0008,sheep_dynamicsuperb_private_sheep_3-140199-A-8.wav,sheep,data/processed/sheep_dynamicsuperb_private_sheep_3-140199-A-8.wav,2.0,22050,dynamicsuperb
sheep_0009,sheep_dynamicsuperb_private_sheep_3-140199-B-8.wav,sheep,data/processed/sheep_dynamicsuperb_private_sheep_3-140199-B-8.wav,2.0,22050,dynamicsuperb
sheep_0010,sheep_dynamicsuperb_private_sheep_3-197408-C-8.wav,sheep,data/processed/sheep_dynamicsuperb_private_sheep_3-197408-C-8.wav,2.0,22050,dynamicsuperb
sheep_0011,sheep_dynamicsuperb_private_sheep_3-20861-A-8.wav,sheep,data/processed/sheep_dynamicsuperb_private_sheep_3-20861-A-8.wav,2.0,22050,dynamicsuperb
sheep_0012,sheep_dynamicsuperb_private_sheep_4-188703-A-8.wav,sheep,data/processed/sheep_dynamicsuperb_private_sheep_4-188703-A-8.wav,2.0,22050,dynamicsuperb
sheep_0013,sheep_dynamicsuperb_private_sheep_4-188703-B-8.wav,sheep,data/processed/sheep_dynamicsuperb_private_sheep_4-188703-B-8.wav,2.0,22050,dynamicsuperb
sheep_0014,sheep_dynamicsuperb_private_sheep_4-188703-C-8.wav,sheep,data/processed/sheep_dynamicsuperb_private_sheep_4-188703-C-8.wav,2.0,22050,dynamicsuperb
sheep_0015,sheep_dynamicsuperb_private_sheep_4-188703-D-8.wav,sheep,data/processed/sheep_dynamicsuperb_private_sheep_4-188703-D-8.wav,2.0,22050,dynamicsuperb
sheep_0016,sheep_dynamicsuperb_private_sheep_4-196672-A-8.wav,sheep,data/processed/sheep_dynamicsuperb_private_sheep_4-196672-A-8.wav,2.0,22050,dynamicsuperb
sheep_0017,sheep_dynamicsuperb_private_sheep_5-198891-A-8.wav,sheep,data/processed/sheep_dynamicsuperb_private_sheep_5-198891-A-8.wav,2.0,22050,dynamicsuperb
sheep_0018,sheep_dynamicsuperb_private_sheep_5-198891-B-8.wav,sheep,data/processed/sheep_dynamicsuperb_private_sheep_5-198891-B-8.wav,2.0,22050,dynamicsuperb
sheep_0019,sheep_dynamicsuperb_private_sheep_5-198891-C-8.wav,sheep,data/processed/sheep_dynamicsuperb_private_sheep_5-198891-C-8.wav,2.0,22050,dynamicsuperb
sheep_0020,sheep_dynamicsuperb_private_sheep_5-198891-D-8.wav,sheep,data/processed/sheep_dynamicsuperb_private_sheep_5-198891-D-8.wav,2.0,22050,dynamicsuperb
sheep_0021,sheep_dynamicsuperb_private_sheep_5-200329-C-8.wav,sheep,data/processed/sheep_dynamicsuperb_private_sheep_5-200329-C-8.wav,2.0,22050,dynamicsuperb
sheep_0022,sheep_dynamicsuperb_private_sheep_5-61635-A-8.wav,sheep,data/processed/sheep_dynamicsuperb_private_sheep_5-61635-A-8.wav,2.0,22050,dynamicsuperb
sheep_0023,sheep_dynamicsuperb_sheep_audio251.wav,sheep,data/processed/sheep_dynamicsuperb_sheep_audio251.wav,2.0,22050,dynamicsuperb
sheep_0024,sheep_dynamicsuperb_sheep_audio252.wav,sheep,data/processed/sheep_dynamicsuperb_sheep_audio252.wav,2.0,22050,dynamicsuperb
sheep_0025,sheep_dynamicsuperb_sheep_audio253.wav,sheep,data/processed/sheep_dynamicsuperb_sheep_audio253.wav,2.0,22050,dynamicsuperb
sheep_0026,sheep_dynamicsuperb_sheep_audio254.wav,sheep,data/processed/sheep_dynamicsuperb_sheep_audio254.wav,2.0,22050,dynamicsuperb
sheep_0027,sheep_dynamicsuperb_sheep_audio255.wav,sheep,data/processed/sheep_dynamicsuperb_sheep_audio255.wav,2.0,22050,dynamicsuperb
sheep_0028,sheep_dynamicsuperb_sheep_audio256.wav,sheep,data/processed/sheep_dynamicsuperb_sheep_audio256.wav,2.0,22050,dynamicsuperb
sheep_0029,sheep_dynamicsuperb_sheep_audio257.wav,sheep,data/processed/sheep_dynamicsuperb_sheep_audio257.wav,2.0,22050,dynamicsuperb
sheep_0030,sheep_dynamicsuperb_sheep_audio258.wav,sheep,data/processed/sheep_dynamicsuperb_sheep_audio258.wav,2.0,22050,dynamicsuperb
sheep_0031,sheep_dynamicsuperb_sheep_audio259.wav,sheep,data/processed/sheep_dynamicsuperb_sheep_audio259.wav,2.0,22050,dynamicsuperb
sheep_0032,sheep_dynamicsuperb_sheep_audio260.wav,sheep,data/processed/sheep_dynamicsuperb_sheep_audio260.wav,2.0,22050,dynamicsuperb
sheep_0033,sheep_dynamicsuperb_sheep_audio261.wav,sheep,data/processed/sheep_dynamicsuperb_sheep_audio261.wav,2.0,22050,dynamicsuperb
sheep_0034,sheep_dynamicsuperb_sheep_audio262.wav,sheep,data/processed/sheep_dynamicsuperb_sheep_audio262.wav,2.0,22050,dynamicsuperb
sheep_0035,sheep_dynamicsuperb_sheep_audio263.wav,sheep,data/processed/sheep_dynamicsuperb_sheep_audio263.wav,2.0,22050,dynamicsuperb
sheep_0036,sheep_dynamicsuperb_sheep_audio264.wav,sheep,data/processed/sheep_dynamicsuperb_sheep_audio264.wav,2.0,22050,dynamicsuperb
sheep_0037,sheep_dynamicsuperb_sheep_audio265.wav,sheep,data/processed/sheep_dynamicsuperb_sheep_audio265.wav,2.0,22050,dynamicsuperb
sheep_0038,sheep_dynamicsuperb_sheep_audio266.wav,sheep,data/processed/sheep_dynamicsuperb_sheep_audio266.wav,2.0,22050,dynamicsuperb
sheep_0039,sheep_dynamicsuperb_sheep_audio267.wav,sheep,data/processed/sheep_dynamicsuperb_sheep_audio267.wav,2.0,22050,dynamicsuperb
sheep_0040,sheep_dynamicsuperb_sheep_audio268.wav,sheep,data/processed/sheep_dynamicsuperb_sheep_audio268.wav,2.0,22050,dynamicsuperb
sheep_0041,sheep_dynamicsuperb_sheep_audio269.wav,sheep,data/processed/sheep_dynamicsuperb_sheep_audio269.wav,2.0,22050,dynamicsuperb
sheep_0042,sheep_dynamicsuperb_sheep_audio270.wav,sheep,data/processed/sheep_dynamicsuperb_sheep_audio270.wav,2.0,22050,dynamicsuperb
sheep_0043,sheep_dynamicsuperb_sheep_audio271.wav,sheep,data/processed/sheep_dynamicsuperb_sheep_audio271.wav,2.0,22050,dynamicsuperb
sheep_0044,sheep_dynamicsuperb_sheep_audio272.wav,sheep,data/processed/sheep_dynamicsuperb_sheep_audio272.wav,2.0,22050,dynamicsuperb
sheep_0045,sheep_dynamicsuperb_sheep_audio273.wav,sheep,data/processed/sheep_dynamicsuperb_sheep_audio273.wav,2.0,22050,dynamicsuperb
sheep_0046,sheep_dynamicsuperb_sheep_audio274.wav,sheep,data/processed/sheep_dynamicsuperb_sheep_audio274.wav,2.0,22050,dynamicsuperb
sheep_0047,sheep_dynamicsuperb_sheep_audio275.wav,sheep,data/processed/sheep_dynamicsuperb_sheep_audio275.wav,2.0,22050,dynamicsuperb
sheep_0048,sheep_dynamicsuperb_sheep_audio276.wav,sheep,data/processed/sheep_dynamicsuperb_sheep_audio276.wav,2.0,22050,dynamicsuperb
sheep_0049,sheep_dynamicsuperb_sheep_audio277.wav,sheep,data/processed/sheep_dynamicsuperb_sheep_audio277.wav,2.0,22050,dynamicsuperb
sheep_0050,sheep_dynamicsuperb_sheep_audio278.wav,sheep,data/processed/sheep_dynamicsuperb_sheep_audio278.wav,2.0,22050,dynamicsuperb
sheep_0051,sheep_dynamicsuperb_sheep_audio279.wav,sheep,data/processed/sheep_dynamicsuperb_sheep_audio279.wav,2.0,22050,dynamicsuperb
sheep_0052,sheep_dynamicsuperb_sheep_audio280.wav,sheep,data/processed/sheep_dynamicsuperb_sheep_audio280.wav,2.0,22050,dynamicsuperb
sheep_0053,sheep_dynamicsuperb_sheep_audio281.wav,sheep,data/processed/sheep_dynamicsuperb_sheep_audio281.wav,2.0,22050,dynamicsuperb
sheep_0054,sheep_dynamicsuperb_sheep_audio282.wav,sheep,data/processed/sheep_dynamicsuperb_sheep_audio282.wav,2.0,22050,dynamicsuperb
sheep_0055,sheep_dynamicsuperb_sheep_audio283.wav,sheep,data/processed/sheep_dynamicsuperb_sheep_audio283.wav,2.0,22050,dynamicsuperb
sheep_0056,sheep_dynamicsuperb_sheep_audio284.wav,sheep,data/processed/sheep_dynamicsuperb_sheep_audio284.wav,2.0,22050,dynamicsuperb
sheep_0057,sheep_dynamicsuperb_sheep_audio285.wav,sheep,data/processed/sheep_dynamicsuperb_sheep_audio285.wav,2.0,22050,dynamicsuperb
sheep_0058,sheep_dynamicsuperb_sheep_audio286.wav,sheep,data/processed/sheep_dynamicsuperb_sheep_audio286.wav,2.0,22050,dynamicsuperb
sheep_0059,sheep_dynamicsuperb_sheep_audio287.wav,sheep,data/processed/sheep_dynamicsuperb_sheep_audio287.wav,2.0,22050,dynamicsuperb
sheep_0060,sheep_dynamicsuperb_sheep_audio288.wav,sheep,data/processed/sheep_dynamicsuperb_sheep_audio288.wav,2.0,22050,dynamicsuperb
sheep_0061,sheep_dynamicsuperb_sheep_audio289.wav,sheep,data/processed/sheep_dynamicsuperb_sheep_audio289.wav,2.0,22050,dynamicsuperb
sheep_0062,sheep_dynamicsuperb_sheep_audio290.wav,sheep,data/processed/sheep_dynamicsuperb_sheep_audio290.wav,2.0,22050,dynamicsuperb
sheep_0063,sheep_local_Sheep_12.wav,sheep,data/processed/sheep_local_Sheep_12.wav,2.0,22050,local
sheep_0064,sheep_local_Sheep_15.wav,sheep,data/processed/sheep_local_Sheep_15.wav,2.0,22050,local
sheep_0065,sheep_local_Sheep_18.wav,sheep,data/processed/sheep_local_Sheep_18.wav,2.0,22050,local
sheep_0066,sheep_local_Sheep_2.wav,sheep,data/processed/sheep_local_Sheep_2.wav,2.0,22050,local
sheep_0067,sheep_local_Sheep_20.wav,sheep,data/processed/sheep_local_Sheep_20.wav,2.0,22050,local
sheep_0068,sheep_local_Sheep_22.wav,sheep,data/processed/sheep_local_Sheep_22.wav,2.0,22050,local
sheep_0069,sheep_local_Sheep_25.wav,sheep,data/processed/sheep_local_Sheep_25.wav,2.0,22050,local
sheep_0070,sheep_local_Sheep_26.wav,sheep,data/processed/sheep_local_Sheep_26.wav,2.0,22050,local
sheep_0071,sheep_local_Sheep_27.wav,sheep,data/processed/sheep_local_Sheep_27.wav,2.0,22050,local
sheep_0072,sheep_local_Sheep_29.wav,sheep,data/processed/sheep_local_Sheep_29.wav,2.0,22050,local
sheep_0073,sheep_local_Sheep_30.wav,sheep,data/processed/sheep_local_Sheep_30.wav,2.0,22050,local
sheep_0074,sheep_local_Sheep_31.wav,sheep,data/processed/sheep_local_Sheep_31.wav,2.0,22050,local
sheep_0075,sheep_local_Sheep_38.wav,sheep,data/processed/sheep_local_Sheep_38.wav,2.0,22050,local
sheep_0076,sheep_local_Sheep_46.wav,sheep,data/processed/sheep_local_Sheep_46.wav,2.0,22050,local
sheep_0077,sheep_local_Sheep_48.wav,sheep,data/processed/sheep_local_Sheep_48.wav,2.0,22050,local
sheep_0078,sheep_local_Sheep_49.wav,sheep,data/processed/sheep_local_Sheep_49.wav,2.0,22050,local
sheep_0079,sheep_local_Sheep_50.wav,sheep,data/processed/sheep_local_Sheep_50.wav,2.0,22050,local
sheep_0080,sheep_local_Sheep_7.wav,sheep,data/processed/sheep_local_Sheep_7.wav,2.0,22050,local
sheep_0081,sheep_local_Sheep_9.wav,sheep,data/processed/sheep_local_Sheep_9.wav,2.0,22050,local
sheep_0082,sheep_local_esc50_sheep_1-121951-A-8.wav,sheep,data/processed/sheep_local_esc50_sheep_1-121951-A-8.wav,2.0,22050,esc50
sheep_0083,sheep_local_esc50_sheep_1-196660-A-8.wav,sheep,data/processed/sheep_local_esc50_sheep_1-196660-A-8.wav,2.0,22050,esc50
sheep_0084,sheep_local_esc50_sheep_1-196660-B-8.wav,sheep,data/processed/sheep_local_esc50_sheep_1-196660-B-8.wav,2.0,22050,esc50
sheep_0085,sheep_local_esc50_sheep_1-49409-A-8.wav,sheep,data/processed/sheep_local_esc50_sheep_1-49409-A-8.wav,2.0,22050,esc50
sheep_0086,sheep_local_esc50_sheep_1-49409-B-8.wav,sheep,data/processed/sheep_local_esc50_sheep_1-49409-B-8.wav,2.0,22050,esc50
sheep_0087,sheep_local_esc50_sheep_1-57795-A-8.wav,sheep,data/processed/sheep_local_esc50_sheep_1-57795-A-8.wav,2.0,22050,esc50
sheep_0088,sheep_local_esc50_sheep_1-75190-A-8.wav,sheep,data/processed/sheep_local_esc50_sheep_1-75190-A-8.wav,2.0,22050,esc50
sheep_0089,sheep_local_esc50_sheep_1-88574-A-8.wav,sheep,data/processed/sheep_local_esc50_sheep_1-88574-A-8.wav,2.0,22050,esc50
sheep_0090,sheep_local_esc50_sheep_2-110614-A-8.wav,sheep,data/processed/sheep_local_esc50_sheep_2-110614-A-8.wav,2.0,22050,esc50
sheep_0091,sheep_local_esc50_sheep_2-110614-B-8.wav,sheep,data/processed/sheep_local_esc50_sheep_2-110614-B-8.wav,2.0,22050,esc50
sheep_0092,sheep_local_esc50_sheep_2-119161-A-8.wav,sheep,data/processed/sheep_local_esc50_sheep_2-119161-A-8.wav,2.0,22050,esc50
sheep_0093,sheep_local_esc50_sheep_2-119161-B-8.wav,sheep,data/processed/sheep_local_esc50_sheep_2-119161-B-8.wav,2.0,22050,esc50
sheep_0094,sheep_local_esc50_sheep_2-119161-C-8.wav,sheep,data/processed/sheep_local_esc50_sheep_2-119161-C-8.wav,2.0,22050,esc50
sheep_0095,sheep_local_esc50_sheep_2-182508-A-8.wav,sheep,data/processed/sheep_local_esc50_sheep_2-182508-A-8.wav,2.0,22050,esc50
sheep_0096,sheep_local_esc50_sheep_2-182508-B-8.wav,sheep,data/processed/sheep_local_esc50_sheep_2-182508-B-8.wav,2.0,22050,esc50
sheep_0097,sheep_local_esc50_sheep_2-196688-A-8.wav,sheep,data/processed/sheep_local_esc50_sheep_2-196688-A-8.wav,2.0,22050,esc50
sheep_0098,sheep_local_esc50_sheep_3-140199-A-8.wav,sheep,data/processed/sheep_local_esc50_sheep_3-140199-A-8.wav,2.0,22050,esc50
sheep_0099,sheep_local_esc50_sheep_3-140199-B-8.wav,sheep,data/processed/sheep_local_esc50_sheep_3-140199-B-8.wav,2.0,22050,esc50
sheep_0100,sheep_local_esc50_sheep_3-140199-C-8.wav,sheep,data/processed/sheep_local_esc50_sheep_3-140199-C-8.wav,2.0,22050,esc50
sheep_0101,sheep_local_esc50_sheep_3-140199-D-8.wav,sheep,data/processed/sheep_local_esc50_sheep_3-140199-D-8.wav,2.0,22050,esc50
sheep_0102,sheep_local_esc50_sheep_3-197408-A-8.wav,sheep,data/processed/sheep_local_esc50_sheep_3-197408-A-8.wav,2.0,22050,esc50
sheep_0103,sheep_local_esc50_sheep_3-197408-B-8.wav,sheep,data/processed/sheep_local_esc50_sheep_3-197408-B-8.wav,2.0,22050,esc50
sheep_0104,sheep_local_esc50_sheep_3-197408-C-8.wav,sheep,data/processed/sheep_local_esc50_sheep_3-197408-C-8.wav,2.0,22050,esc50
sheep_0105,sheep_local_esc50_sheep_3-20861-A-8.wav,sheep,data/processed/sheep_local_esc50_sheep_3-20861-A-8.wav,2.0,22050,esc50
sheep_0106,sheep_local_esc50_sheep_4-188703-A-8.wav,sheep,data/processed/sheep_local_esc50_sheep_4-188703-A-8.wav,2.0,22050,esc50
sheep_0107,sheep_local_esc50_sheep_4-188703-B-8.wav,sheep,data/processed/sheep_local_esc50_sheep_4-188703-B-8.wav,2.0,22050,esc50
sheep_0108,sheep_local_esc50_sheep_4-188703-C-8.wav,sheep,data/processed/sheep_local_esc50_sheep_4-188703-C-8.wav,2.0,22050,esc50
sheep_0109,sheep_local_esc50_sheep_4-188703-D-8.wav,sheep,data/processed/sheep_local_esc50_sheep_4-188703-D-8.wav,2.0,22050,esc50
sheep_0110,sheep_local_esc50_sheep_4-196671-A-8.wav,sheep,data/processed/sheep_local_esc50_sheep_4-196671-A-8.wav,2.0,22050,esc50
sheep_0111,sheep_local_esc50_sheep_4-196671-B-8.wav,sheep,data/processed/sheep_local_esc50_sheep_4-196671-B-8.wav,2.0,22050,esc50
sheep_0112,sheep_local_esc50_sheep_4-196672-A-8.wav,sheep,data/processed/sheep_local_esc50_sheep_4-196672-A-8.wav,2.0,22050,esc50
sheep_0113,sheep_local_esc50_sheep_4-250864-A-8.wav,sheep,data/processed/sheep_local_esc50_sheep_4-250864-A-8.wav,2.0,22050,esc50
sheep_0114,sheep_local_esc50_sheep_5-198891-A-8.wav,sheep,data/processed/sheep_local_esc50_sheep_5-198891-A-8.wav,2.0,22050,esc50
sheep_0115,sheep_local_esc50_sheep_5-198891-B-8.wav,sheep,data/processed/sheep_local_esc50_sheep_5-198891-B-8.wav,2.0,22050,esc50
sheep_0116,sheep_local_esc50_sheep_5-198891-C-8.wav,sheep,data/processed/sheep_local_esc50_sheep_5-198891-C-8.wav,2.0,22050,esc50
sheep_0117,sheep_local_esc50_sheep_5-198891-D-8.wav,sheep,data/processed/sheep_local_esc50_sheep_5-198891-D-8.wav,2.0,22050,esc50
sheep_0118,sheep_local_esc50_sheep_5-200329-A-8.wav,sheep,data/processed/sheep_local_esc50_sheep_5-200329-A-8.wav,2.0,22050,esc50
sheep_0119,sheep_local_esc50_sheep_5-200329-B-8.wav,sheep,data/processed/sheep_local_esc50_sheep_5-200329-B-8.wav,2.0,22050,esc50
sheep_0120,sheep_local_esc50_sheep_5-200329-C-8.wav,sheep,data/processed/sheep_local_esc50_sheep_5-200329-C-8.wav,2.0,22050,esc50
sheep_0121,sheep_local_esc50_sheep_5-61635-A-8.wav,sheep,data/processed/sheep_local_esc50_sheep_5-61635-A-8.wav,2.0,22050,esc50
sheep_0122,sheep_sounddino_a-whole-flock-of-sheep-in-a-barn.wav,sheep,data/processed/sheep_sounddino_a-whole-flock-of-sheep-in-a-barn.wav,2.0,22050,sounddino
sheep_0123,sheep_sounddino_a-young-sheep-makes-sounds.wav,sheep,data/processed/sheep_sounddino_a-young-sheep-makes-sounds.wav,2.0,22050,sounddino
sheep_0124,sheep_sounddino_prolonged-bleating-of-an-old-sheep.wav,sheep,data/processed/sheep_sounddino_prolonged-bleating-of-an-old-sheep.wav,2.0,22050,sounddino
sheep_0125,sheep_sounddino_repeated-bleating-of-a-sheep.wav,sheep,data/processed/sheep_sounddino_repeated-bleating-of-a-sheep.wav,2.0,22050,sounddino
sheep_0126,sheep_sounddino_sheep-and-sheep-in-a-herd.wav,sheep,data/processed/sheep_sounddino_sheep-and-sheep-in-a-herd.wav,2.0,22050,sounddino
sheep_0127,sheep_sounddino_the-bleating-of-a-flock-of-sheep.wav,sheep,data/processed/sheep_sounddino_the-bleating-of-a-flock-of-sheep.wav,2.0,22050,sounddino
sheep_0128,sheep_sounddino_the-bleating-of-several-sheep.wav,sheep,data/processed/sheep_sounddino_the-bleating-of-several-sheep.wav,2.0,22050,sounddino
sheep_0129,sheep_sounddino_the-sound-of-sheep-in-a-barn.wav,sheep,data/processed/sheep_sounddino_the-sound-of-sheep-in-a-barn.wav,2.0,22050,sounddino
sheep_0130,sheep_sounddino_young-lamb.wav,sheep,data/processed/sheep_sounddino_young-lamb.wav,2.0,22050,sounddino
